"V1","V2","V3","V4","V5","V6","V7","V8","V9","V10","V11","V12","V13","V14","V15","V16","V17","V18","V19","V20","V21","V22","V23","V24","V25","V26","V27","V28","V29","V30","V31","V32","V33","V34","V35","V36","V37","V38","V39","V40","V41","V42","V43","V44","V45","V46","V47","V48","V49","V50","V51","V52","V53","V54","V55","V56","V57","V58","V59","V60","V61","V62","V63","V64","V65","V66","V67","V68","V69","V70","V71","V72","V73","V74","V75","V76","V77","V78","V79","V80","V81","V82","V83","V84","V85","V86","V87","V88","V89","V90","V91","V92","V93","V94","V95","V96","V97","V98","V99","V100","V101"
1.260428,1.260428,1.260428,1.260428,1.260428,0.484496,0.484496,0.484496,0.484496,0.484496,0.29694,0.29694,0.29694,0.29694,0.29694,0.356616,0.356616,0.356616,0.356616,0.356616,0.436932,0.436932,0.436932,0.436932,0.436932,0.399696,0.399696,0.399696,0.399696,0.399696,0.321292,0.321292,0.321292,0.321292,0.321292,0.209796,0.209796,0.209796,0.209796,0.209796,0.147248,0.147248,0.147248,0.147248,0.147248,0.854588,0.854588,0.854588,0.854588,0.854588,0.141628,0.141628,0.141628,0.141628,0.141628,0.1262,0.1262,0.1262,0.1262,0.1262,0.093376,0.093376,0.093376,0.093376,0.093376,0.075372,0.075372,0.075372,0.075372,0.075372,0.061024,0.061024,0.061024,0.061024,0.061024,0.054328,0.054328,0.054328,0.054328,0.054328,0.054328,0.054328,0.054328,0.054328,0.054328,0.054328,0.054328,0.054328,0.054328,0.054328,0.054328,0.054328,0.054328,0.054328,0.054328,0.054328,0.054328,0.054328,0.054328,0.054328,0.054328
1.260428,1.260428,1.260428,1.260428,1.260428,0.484496,0.484496,0.484496,0.484496,0.484496,0.29694,0.29694,0.29694,0.29694,0.29694,0.356616,0.356616,0.356616,0.356616,0.356616,0.436932,0.436932,0.436932,0.436932,0.436932,0.399696,0.399696,0.399696,0.399696,0.399696,0.321292,0.321292,0.321292,0.321292,0.321292,0.209796,0.209796,0.209796,0.209796,0.209796,0.147248,0.147248,0.147248,0.147248,0.147248,0.854588,0.854588,0.854588,0.854588,0.854588,0.141628,0.141628,0.141628,0.141628,0.141628,0.1262,0.1262,0.1262,0.1262,0.1262,0.093376,0.093376,0.093376,0.093376,0.093376,0.075372,0.075372,0.075372,0.075372,0.075372,0.061024,0.061024,0.061024,0.061024,0.061024,0.054328,0.054328,0.054328,0.054328,0.054328,0.054328,0.054328,0.054328,0.054328,0.054328,0.054328,0.054328,0.054328,0.054328,0.054328,0.054328,0.054328,0.054328,0.054328,0.054328,0.054328,0.054328,0.054328,0.054328,0.054328,0.054328
1.260428,1.260428,1.260428,1.260428,1.260428,0.484496,0.484496,0.484496,0.484496,0.484496,0.29694,0.29694,0.29694,0.29694,0.29694,0.356616,0.356616,0.356616,0.356616,0.356616,0.436932,0.436932,0.436932,0.436932,0.436932,0.399696,0.399696,0.399696,0.399696,0.399696,0.321292,0.321292,0.321292,0.321292,0.321292,0.209796,0.209796,0.209796,0.209796,0.209796,0.147248,0.147248,0.147248,0.147248,0.147248,0.854588,0.854588,0.854588,0.854588,0.854588,0.141628,0.141628,0.141628,0.141628,0.141628,0.1262,0.1262,0.1262,0.1262,0.1262,0.093376,0.093376,0.093376,0.093376,0.093376,0.075372,0.075372,0.075372,0.075372,0.075372,0.061024,0.061024,0.061024,0.061024,0.061024,0.054328,0.054328,0.054328,0.054328,0.054328,0.054328,0.054328,0.054328,0.054328,0.054328,0.054328,0.054328,0.054328,0.054328,0.054328,0.054328,0.054328,0.054328,0.054328,0.054328,0.054328,0.054328,0.054328,0.054328,0.054328,0.054328
1.260428,1.260428,1.260428,1.260428,1.260428,0.484496,0.484496,0.484496,0.484496,0.484496,0.29694,0.29694,0.29694,0.29694,0.29694,0.356616,0.356616,0.356616,0.356616,0.356616,0.436932,0.436932,0.436932,0.436932,0.436932,0.399696,0.399696,0.399696,0.399696,0.399696,0.321292,0.321292,0.321292,0.321292,0.321292,0.209796,0.209796,0.209796,0.209796,0.209796,0.147248,0.147248,0.147248,0.147248,0.147248,0.854588,0.854588,0.854588,0.854588,0.854588,0.141628,0.141628,0.141628,0.141628,0.141628,0.1262,0.1262,0.1262,0.1262,0.1262,0.093376,0.093376,0.093376,0.093376,0.093376,0.075372,0.075372,0.075372,0.075372,0.075372,0.061024,0.061024,0.061024,0.061024,0.061024,0.054328,0.054328,0.054328,0.054328,0.054328,0.054328,0.054328,0.054328,0.054328,0.054328,0.054328,0.054328,0.054328,0.054328,0.054328,0.054328,0.054328,0.054328,0.054328,0.054328,0.054328,0.054328,0.054328,0.054328,0.054328,0.054328
1.260428,1.260428,1.260428,1.260428,1.260428,0.484496,0.484496,0.484496,0.484496,0.484496,0.29694,0.29694,0.29694,0.29694,0.29694,0.356616,0.356616,0.356616,0.356616,0.356616,0.436932,0.436932,0.436932,0.436932,0.436932,0.399696,0.399696,0.399696,0.399696,0.399696,0.321292,0.321292,0.321292,0.321292,0.321292,0.209796,0.209796,0.209796,0.209796,0.209796,0.147248,0.147248,0.147248,0.147248,0.147248,0.854588,0.854588,0.854588,0.854588,0.854588,0.141628,0.141628,0.141628,0.141628,0.141628,0.1262,0.1262,0.1262,0.1262,0.1262,0.093376,0.093376,0.093376,0.093376,0.093376,0.075372,0.075372,0.075372,0.075372,0.075372,0.061024,0.061024,0.061024,0.061024,0.061024,0.054328,0.054328,0.054328,0.054328,0.054328,0.054328,0.054328,0.054328,0.054328,0.054328,0.054328,0.054328,0.054328,0.054328,0.054328,0.054328,0.054328,0.054328,0.054328,0.054328,0.054328,0.054328,0.054328,0.054328,0.054328,0.054328
0.926872,0.926872,0.926872,0.926872,0.926872,0.892728,0.892728,0.892728,0.892728,0.892728,0.3424,0.3424,0.3424,0.3424,0.3424,0.199536,0.199536,0.199536,0.199536,0.199536,0.374452,0.374452,0.374452,0.374452,0.374452,0.405948,0.405948,0.405948,0.405948,0.405948,0.369632,0.369632,0.369632,0.369632,0.369632,0.300116,0.300116,0.300116,0.300116,0.300116,0.184704,0.184704,0.184704,0.184704,0.184704,2.64398,2.64398,2.64398,2.64398,2.64398,0.148768,0.148768,0.148768,0.148768,0.148768,0.126856,0.126856,0.126856,0.126856,0.126856,0.10378,0.10378,0.10378,0.10378,0.10378,0.078356,0.078356,0.078356,0.078356,0.078356,0.061948,0.061948,0.061948,0.061948,0.061948,0.054416,0.054416,0.054416,0.054416,0.054416,0.054416,0.054416,0.054416,0.054416,0.054416,0.054416,0.054416,0.054416,0.054416,0.054416,0.054416,0.054416,0.054416,0.054416,0.054416,0.054416,0.054416,0.054416,0.054416,0.054416,0.054416
0.926872,0.926872,0.926872,0.926872,0.926872,0.892728,0.892728,0.892728,0.892728,0.892728,0.3424,0.3424,0.3424,0.3424,0.3424,0.199536,0.199536,0.199536,0.199536,0.199536,0.374452,0.374452,0.374452,0.374452,0.374452,0.405948,0.405948,0.405948,0.405948,0.405948,0.369632,0.369632,0.369632,0.369632,0.369632,0.300116,0.300116,0.300116,0.300116,0.300116,0.184704,0.184704,0.184704,0.184704,0.184704,2.64398,2.64398,2.64398,2.64398,2.64398,0.148768,0.148768,0.148768,0.148768,0.148768,0.126856,0.126856,0.126856,0.126856,0.126856,0.10378,0.10378,0.10378,0.10378,0.10378,0.078356,0.078356,0.078356,0.078356,0.078356,0.061948,0.061948,0.061948,0.061948,0.061948,0.054416,0.054416,0.054416,0.054416,0.054416,0.054416,0.054416,0.054416,0.054416,0.054416,0.054416,0.054416,0.054416,0.054416,0.054416,0.054416,0.054416,0.054416,0.054416,0.054416,0.054416,0.054416,0.054416,0.054416,0.054416,0.054416
0.926872,0.926872,0.926872,0.926872,0.926872,0.892728,0.892728,0.892728,0.892728,0.892728,0.3424,0.3424,0.3424,0.3424,0.3424,0.199536,0.199536,0.199536,0.199536,0.199536,0.374452,0.374452,0.374452,0.374452,0.374452,0.405948,0.405948,0.405948,0.405948,0.405948,0.369632,0.369632,0.369632,0.369632,0.369632,0.300116,0.300116,0.300116,0.300116,0.300116,0.184704,0.184704,0.184704,0.184704,0.184704,2.64398,2.64398,2.64398,2.64398,2.64398,0.148768,0.148768,0.148768,0.148768,0.148768,0.126856,0.126856,0.126856,0.126856,0.126856,0.10378,0.10378,0.10378,0.10378,0.10378,0.078356,0.078356,0.078356,0.078356,0.078356,0.061948,0.061948,0.061948,0.061948,0.061948,0.054416,0.054416,0.054416,0.054416,0.054416,0.054416,0.054416,0.054416,0.054416,0.054416,0.054416,0.054416,0.054416,0.054416,0.054416,0.054416,0.054416,0.054416,0.054416,0.054416,0.054416,0.054416,0.054416,0.054416,0.054416,0.054416
0.926872,0.926872,0.926872,0.926872,0.926872,0.892728,0.892728,0.892728,0.892728,0.892728,0.3424,0.3424,0.3424,0.3424,0.3424,0.199536,0.199536,0.199536,0.199536,0.199536,0.374452,0.374452,0.374452,0.374452,0.374452,0.405948,0.405948,0.405948,0.405948,0.405948,0.369632,0.369632,0.369632,0.369632,0.369632,0.300116,0.300116,0.300116,0.300116,0.300116,0.184704,0.184704,0.184704,0.184704,0.184704,2.64398,2.64398,2.64398,2.64398,2.64398,0.148768,0.148768,0.148768,0.148768,0.148768,0.126856,0.126856,0.126856,0.126856,0.126856,0.10378,0.10378,0.10378,0.10378,0.10378,0.078356,0.078356,0.078356,0.078356,0.078356,0.061948,0.061948,0.061948,0.061948,0.061948,0.054416,0.054416,0.054416,0.054416,0.054416,0.054416,0.054416,0.054416,0.054416,0.054416,0.054416,0.054416,0.054416,0.054416,0.054416,0.054416,0.054416,0.054416,0.054416,0.054416,0.054416,0.054416,0.054416,0.054416,0.054416,0.054416
0.926872,0.926872,0.926872,0.926872,0.926872,0.892728,0.892728,0.892728,0.892728,0.892728,0.3424,0.3424,0.3424,0.3424,0.3424,0.199536,0.199536,0.199536,0.199536,0.199536,0.374452,0.374452,0.374452,0.374452,0.374452,0.405948,0.405948,0.405948,0.405948,0.405948,0.369632,0.369632,0.369632,0.369632,0.369632,0.300116,0.300116,0.300116,0.300116,0.300116,0.184704,0.184704,0.184704,0.184704,0.184704,2.64398,2.64398,2.64398,2.64398,2.64398,0.148768,0.148768,0.148768,0.148768,0.148768,0.126856,0.126856,0.126856,0.126856,0.126856,0.10378,0.10378,0.10378,0.10378,0.10378,0.078356,0.078356,0.078356,0.078356,0.078356,0.061948,0.061948,0.061948,0.061948,0.061948,0.054416,0.054416,0.054416,0.054416,0.054416,0.054416,0.054416,0.054416,0.054416,0.054416,0.054416,0.054416,0.054416,0.054416,0.054416,0.054416,0.054416,0.054416,0.054416,0.054416,0.054416,0.054416,0.054416,0.054416,0.054416,0.054416
0.442828,0.442828,0.442828,0.442828,0.442828,4.15058,4.15058,4.15058,4.15058,4.15058,0.623432,0.623432,0.623432,0.623432,0.623432,0.267936,0.267936,0.267936,0.267936,0.267936,0.253792,0.253792,0.253792,0.253792,0.253792,0.288956,0.288956,0.288956,0.288956,0.288956,0.351936,0.351936,0.351936,0.351936,0.351936,0.332172,0.332172,0.332172,0.332172,0.332172,0.227804,0.227804,0.227804,0.227804,0.227804,1.41148,1.41148,1.41148,1.41148,1.41148,0.160772,0.160772,0.160772,0.160772,0.160772,0.11256,0.11256,0.11256,0.11256,0.11256,0.084588,0.084588,0.084588,0.084588,0.084588,0.074292,0.074292,0.074292,0.074292,0.074292,0.063284,0.063284,0.063284,0.063284,0.063284,0.055828,0.055828,0.055828,0.055828,0.055828,0.055828,0.055828,0.055828,0.055828,0.055828,0.055828,0.055828,0.055828,0.055828,0.055828,0.055828,0.055828,0.055828,0.055828,0.055828,0.055828,0.055828,0.055828,0.055828,0.055828,0.055828
0.442828,0.442828,0.442828,0.442828,0.442828,4.15058,4.15058,4.15058,4.15058,4.15058,0.623432,0.623432,0.623432,0.623432,0.623432,0.267936,0.267936,0.267936,0.267936,0.267936,0.253792,0.253792,0.253792,0.253792,0.253792,0.288956,0.288956,0.288956,0.288956,0.288956,0.351936,0.351936,0.351936,0.351936,0.351936,0.332172,0.332172,0.332172,0.332172,0.332172,0.227804,0.227804,0.227804,0.227804,0.227804,1.41148,1.41148,1.41148,1.41148,1.41148,0.160772,0.160772,0.160772,0.160772,0.160772,0.11256,0.11256,0.11256,0.11256,0.11256,0.084588,0.084588,0.084588,0.084588,0.084588,0.074292,0.074292,0.074292,0.074292,0.074292,0.063284,0.063284,0.063284,0.063284,0.063284,0.055828,0.055828,0.055828,0.055828,0.055828,0.055828,0.055828,0.055828,0.055828,0.055828,0.055828,0.055828,0.055828,0.055828,0.055828,0.055828,0.055828,0.055828,0.055828,0.055828,0.055828,0.055828,0.055828,0.055828,0.055828,0.055828
0.442828,0.442828,0.442828,0.442828,0.442828,4.15058,4.15058,4.15058,4.15058,4.15058,0.623432,0.623432,0.623432,0.623432,0.623432,0.267936,0.267936,0.267936,0.267936,0.267936,0.253792,0.253792,0.253792,0.253792,0.253792,0.288956,0.288956,0.288956,0.288956,0.288956,0.351936,0.351936,0.351936,0.351936,0.351936,0.332172,0.332172,0.332172,0.332172,0.332172,0.227804,0.227804,0.227804,0.227804,0.227804,1.41148,1.41148,1.41148,1.41148,1.41148,0.160772,0.160772,0.160772,0.160772,0.160772,0.11256,0.11256,0.11256,0.11256,0.11256,0.084588,0.084588,0.084588,0.084588,0.084588,0.074292,0.074292,0.074292,0.074292,0.074292,0.063284,0.063284,0.063284,0.063284,0.063284,0.055828,0.055828,0.055828,0.055828,0.055828,0.055828,0.055828,0.055828,0.055828,0.055828,0.055828,0.055828,0.055828,0.055828,0.055828,0.055828,0.055828,0.055828,0.055828,0.055828,0.055828,0.055828,0.055828,0.055828,0.055828,0.055828
0.442828,0.442828,0.442828,0.442828,0.442828,4.15058,4.15058,4.15058,4.15058,4.15058,0.623432,0.623432,0.623432,0.623432,0.623432,0.267936,0.267936,0.267936,0.267936,0.267936,0.253792,0.253792,0.253792,0.253792,0.253792,0.288956,0.288956,0.288956,0.288956,0.288956,0.351936,0.351936,0.351936,0.351936,0.351936,0.332172,0.332172,0.332172,0.332172,0.332172,0.227804,0.227804,0.227804,0.227804,0.227804,1.41148,1.41148,1.41148,1.41148,1.41148,0.160772,0.160772,0.160772,0.160772,0.160772,0.11256,0.11256,0.11256,0.11256,0.11256,0.084588,0.084588,0.084588,0.084588,0.084588,0.074292,0.074292,0.074292,0.074292,0.074292,0.063284,0.063284,0.063284,0.063284,0.063284,0.055828,0.055828,0.055828,0.055828,0.055828,0.055828,0.055828,0.055828,0.055828,0.055828,0.055828,0.055828,0.055828,0.055828,0.055828,0.055828,0.055828,0.055828,0.055828,0.055828,0.055828,0.055828,0.055828,0.055828,0.055828,0.055828
0.442828,0.442828,0.442828,0.442828,0.442828,4.15058,4.15058,4.15058,4.15058,4.15058,0.623432,0.623432,0.623432,0.623432,0.623432,0.267936,0.267936,0.267936,0.267936,0.267936,0.253792,0.253792,0.253792,0.253792,0.253792,0.288956,0.288956,0.288956,0.288956,0.288956,0.351936,0.351936,0.351936,0.351936,0.351936,0.332172,0.332172,0.332172,0.332172,0.332172,0.227804,0.227804,0.227804,0.227804,0.227804,1.41148,1.41148,1.41148,1.41148,1.41148,0.160772,0.160772,0.160772,0.160772,0.160772,0.11256,0.11256,0.11256,0.11256,0.11256,0.084588,0.084588,0.084588,0.084588,0.084588,0.074292,0.074292,0.074292,0.074292,0.074292,0.063284,0.063284,0.063284,0.063284,0.063284,0.055828,0.055828,0.055828,0.055828,0.055828,0.055828,0.055828,0.055828,0.055828,0.055828,0.055828,0.055828,0.055828,0.055828,0.055828,0.055828,0.055828,0.055828,0.055828,0.055828,0.055828,0.055828,0.055828,0.055828,0.055828,0.055828
0.296028,0.296028,0.296028,0.296028,0.296028,1.4251,1.4251,1.4251,1.4251,1.4251,3.2838,3.2838,3.2838,3.2838,3.2838,0.642176,0.642176,0.642176,0.642176,0.642176,0.313656,0.313656,0.313656,0.313656,0.313656,0.2084,0.2084,0.2084,0.2084,0.2084,0.278448,0.278448,0.278448,0.278448,0.278448,0.266416,0.266416,0.266416,0.266416,0.266416,0.234056,0.234056,0.234056,0.234056,0.234056,0.499432,0.499432,0.499432,0.499432,0.499432,0.15894,0.15894,0.15894,0.15894,0.15894,0.104356,0.104356,0.104356,0.104356,0.104356,0.080928,0.080928,0.080928,0.080928,0.080928,0.068164,0.068164,0.068164,0.068164,0.068164,0.05822,0.05822,0.05822,0.05822,0.05822,0.053004,0.053004,0.053004,0.053004,0.053004,0.053004,0.053004,0.053004,0.053004,0.053004,0.053004,0.053004,0.053004,0.053004,0.053004,0.053004,0.053004,0.053004,0.053004,0.053004,0.053004,0.053004,0.053004,0.053004,0.053004,0.053004
0.296028,0.296028,0.296028,0.296028,0.296028,1.4251,1.4251,1.4251,1.4251,1.4251,3.2838,3.2838,3.2838,3.2838,3.2838,0.642176,0.642176,0.642176,0.642176,0.642176,0.313656,0.313656,0.313656,0.313656,0.313656,0.2084,0.2084,0.2084,0.2084,0.2084,0.278448,0.278448,0.278448,0.278448,0.278448,0.266416,0.266416,0.266416,0.266416,0.266416,0.234056,0.234056,0.234056,0.234056,0.234056,0.499432,0.499432,0.499432,0.499432,0.499432,0.15894,0.15894,0.15894,0.15894,0.15894,0.104356,0.104356,0.104356,0.104356,0.104356,0.080928,0.080928,0.080928,0.080928,0.080928,0.068164,0.068164,0.068164,0.068164,0.068164,0.05822,0.05822,0.05822,0.05822,0.05822,0.053004,0.053004,0.053004,0.053004,0.053004,0.053004,0.053004,0.053004,0.053004,0.053004,0.053004,0.053004,0.053004,0.053004,0.053004,0.053004,0.053004,0.053004,0.053004,0.053004,0.053004,0.053004,0.053004,0.053004,0.053004,0.053004
0.296028,0.296028,0.296028,0.296028,0.296028,1.4251,1.4251,1.4251,1.4251,1.4251,3.2838,3.2838,3.2838,3.2838,3.2838,0.642176,0.642176,0.642176,0.642176,0.642176,0.313656,0.313656,0.313656,0.313656,0.313656,0.2084,0.2084,0.2084,0.2084,0.2084,0.278448,0.278448,0.278448,0.278448,0.278448,0.266416,0.266416,0.266416,0.266416,0.266416,0.234056,0.234056,0.234056,0.234056,0.234056,0.499432,0.499432,0.499432,0.499432,0.499432,0.15894,0.15894,0.15894,0.15894,0.15894,0.104356,0.104356,0.104356,0.104356,0.104356,0.080928,0.080928,0.080928,0.080928,0.080928,0.068164,0.068164,0.068164,0.068164,0.068164,0.05822,0.05822,0.05822,0.05822,0.05822,0.053004,0.053004,0.053004,0.053004,0.053004,0.053004,0.053004,0.053004,0.053004,0.053004,0.053004,0.053004,0.053004,0.053004,0.053004,0.053004,0.053004,0.053004,0.053004,0.053004,0.053004,0.053004,0.053004,0.053004,0.053004,0.053004
0.296028,0.296028,0.296028,0.296028,0.296028,1.4251,1.4251,1.4251,1.4251,1.4251,3.2838,3.2838,3.2838,3.2838,3.2838,0.642176,0.642176,0.642176,0.642176,0.642176,0.313656,0.313656,0.313656,0.313656,0.313656,0.2084,0.2084,0.2084,0.2084,0.2084,0.278448,0.278448,0.278448,0.278448,0.278448,0.266416,0.266416,0.266416,0.266416,0.266416,0.234056,0.234056,0.234056,0.234056,0.234056,0.499432,0.499432,0.499432,0.499432,0.499432,0.15894,0.15894,0.15894,0.15894,0.15894,0.104356,0.104356,0.104356,0.104356,0.104356,0.080928,0.080928,0.080928,0.080928,0.080928,0.068164,0.068164,0.068164,0.068164,0.068164,0.05822,0.05822,0.05822,0.05822,0.05822,0.053004,0.053004,0.053004,0.053004,0.053004,0.053004,0.053004,0.053004,0.053004,0.053004,0.053004,0.053004,0.053004,0.053004,0.053004,0.053004,0.053004,0.053004,0.053004,0.053004,0.053004,0.053004,0.053004,0.053004,0.053004,0.053004
0.296028,0.296028,0.296028,0.296028,0.296028,1.4251,1.4251,1.4251,1.4251,1.4251,3.2838,3.2838,3.2838,3.2838,3.2838,0.642176,0.642176,0.642176,0.642176,0.642176,0.313656,0.313656,0.313656,0.313656,0.313656,0.2084,0.2084,0.2084,0.2084,0.2084,0.278448,0.278448,0.278448,0.278448,0.278448,0.266416,0.266416,0.266416,0.266416,0.266416,0.234056,0.234056,0.234056,0.234056,0.234056,0.499432,0.499432,0.499432,0.499432,0.499432,0.15894,0.15894,0.15894,0.15894,0.15894,0.104356,0.104356,0.104356,0.104356,0.104356,0.080928,0.080928,0.080928,0.080928,0.080928,0.068164,0.068164,0.068164,0.068164,0.068164,0.05822,0.05822,0.05822,0.05822,0.05822,0.053004,0.053004,0.053004,0.053004,0.053004,0.053004,0.053004,0.053004,0.053004,0.053004,0.053004,0.053004,0.053004,0.053004,0.053004,0.053004,0.053004,0.053004,0.053004,0.053004,0.053004,0.053004,0.053004,0.053004,0.053004,0.053004
0.41218,0.41218,0.41218,0.41218,0.41218,0.34328,0.34328,0.34328,0.34328,0.34328,1.270988,1.270988,1.270988,1.270988,1.270988,1.489448,1.489448,1.489448,1.489448,1.489448,0.696988,0.696988,0.696988,0.696988,0.696988,0.379992,0.379992,0.379992,0.379992,0.379992,0.286764,0.286764,0.286764,0.286764,0.286764,0.253516,0.253516,0.253516,0.253516,0.253516,0.255976,0.255976,0.255976,0.255976,0.255976,0.330556,0.330556,0.330556,0.330556,0.330556,0.190084,0.190084,0.190084,0.190084,0.190084,0.13458,0.13458,0.13458,0.13458,0.13458,0.095848,0.095848,0.095848,0.095848,0.095848,0.069996,0.069996,0.069996,0.069996,0.069996,0.070984,0.070984,0.070984,0.070984,0.070984,0.0578,0.0578,0.0578,0.0578,0.0578,0.0578,0.0578,0.0578,0.0578,0.0578,0.0578,0.0578,0.0578,0.0578,0.0578,0.0578,0.0578,0.0578,0.0578,0.0578,0.0578,0.0578,0.0578,0.0578,0.0578,0.0578
0.41218,0.41218,0.41218,0.41218,0.41218,0.34328,0.34328,0.34328,0.34328,0.34328,1.270988,1.270988,1.270988,1.270988,1.270988,1.489448,1.489448,1.489448,1.489448,1.489448,0.696988,0.696988,0.696988,0.696988,0.696988,0.379992,0.379992,0.379992,0.379992,0.379992,0.286764,0.286764,0.286764,0.286764,0.286764,0.253516,0.253516,0.253516,0.253516,0.253516,0.255976,0.255976,0.255976,0.255976,0.255976,0.330556,0.330556,0.330556,0.330556,0.330556,0.190084,0.190084,0.190084,0.190084,0.190084,0.13458,0.13458,0.13458,0.13458,0.13458,0.095848,0.095848,0.095848,0.095848,0.095848,0.069996,0.069996,0.069996,0.069996,0.069996,0.070984,0.070984,0.070984,0.070984,0.070984,0.0578,0.0578,0.0578,0.0578,0.0578,0.0578,0.0578,0.0578,0.0578,0.0578,0.0578,0.0578,0.0578,0.0578,0.0578,0.0578,0.0578,0.0578,0.0578,0.0578,0.0578,0.0578,0.0578,0.0578,0.0578,0.0578
0.41218,0.41218,0.41218,0.41218,0.41218,0.34328,0.34328,0.34328,0.34328,0.34328,1.270988,1.270988,1.270988,1.270988,1.270988,1.489448,1.489448,1.489448,1.489448,1.489448,0.696988,0.696988,0.696988,0.696988,0.696988,0.379992,0.379992,0.379992,0.379992,0.379992,0.286764,0.286764,0.286764,0.286764,0.286764,0.253516,0.253516,0.253516,0.253516,0.253516,0.255976,0.255976,0.255976,0.255976,0.255976,0.330556,0.330556,0.330556,0.330556,0.330556,0.190084,0.190084,0.190084,0.190084,0.190084,0.13458,0.13458,0.13458,0.13458,0.13458,0.095848,0.095848,0.095848,0.095848,0.095848,0.069996,0.069996,0.069996,0.069996,0.069996,0.070984,0.070984,0.070984,0.070984,0.070984,0.0578,0.0578,0.0578,0.0578,0.0578,0.0578,0.0578,0.0578,0.0578,0.0578,0.0578,0.0578,0.0578,0.0578,0.0578,0.0578,0.0578,0.0578,0.0578,0.0578,0.0578,0.0578,0.0578,0.0578,0.0578,0.0578
0.41218,0.41218,0.41218,0.41218,0.41218,0.34328,0.34328,0.34328,0.34328,0.34328,1.270988,1.270988,1.270988,1.270988,1.270988,1.489448,1.489448,1.489448,1.489448,1.489448,0.696988,0.696988,0.696988,0.696988,0.696988,0.379992,0.379992,0.379992,0.379992,0.379992,0.286764,0.286764,0.286764,0.286764,0.286764,0.253516,0.253516,0.253516,0.253516,0.253516,0.255976,0.255976,0.255976,0.255976,0.255976,0.330556,0.330556,0.330556,0.330556,0.330556,0.190084,0.190084,0.190084,0.190084,0.190084,0.13458,0.13458,0.13458,0.13458,0.13458,0.095848,0.095848,0.095848,0.095848,0.095848,0.069996,0.069996,0.069996,0.069996,0.069996,0.070984,0.070984,0.070984,0.070984,0.070984,0.0578,0.0578,0.0578,0.0578,0.0578,0.0578,0.0578,0.0578,0.0578,0.0578,0.0578,0.0578,0.0578,0.0578,0.0578,0.0578,0.0578,0.0578,0.0578,0.0578,0.0578,0.0578,0.0578,0.0578,0.0578,0.0578
0.41218,0.41218,0.41218,0.41218,0.41218,0.34328,0.34328,0.34328,0.34328,0.34328,1.270988,1.270988,1.270988,1.270988,1.270988,1.489448,1.489448,1.489448,1.489448,1.489448,0.696988,0.696988,0.696988,0.696988,0.696988,0.379992,0.379992,0.379992,0.379992,0.379992,0.286764,0.286764,0.286764,0.286764,0.286764,0.253516,0.253516,0.253516,0.253516,0.253516,0.255976,0.255976,0.255976,0.255976,0.255976,0.330556,0.330556,0.330556,0.330556,0.330556,0.190084,0.190084,0.190084,0.190084,0.190084,0.13458,0.13458,0.13458,0.13458,0.13458,0.095848,0.095848,0.095848,0.095848,0.095848,0.069996,0.069996,0.069996,0.069996,0.069996,0.070984,0.070984,0.070984,0.070984,0.070984,0.0578,0.0578,0.0578,0.0578,0.0578,0.0578,0.0578,0.0578,0.0578,0.0578,0.0578,0.0578,0.0578,0.0578,0.0578,0.0578,0.0578,0.0578,0.0578,0.0578,0.0578,0.0578,0.0578,0.0578,0.0578,0.0578
0.729252,0.729252,0.729252,0.729252,0.729252,0.234916,0.234916,0.234916,0.234916,0.234916,0.513308,0.513308,0.513308,0.513308,0.513308,0.94356,0.94356,0.94356,0.94356,0.94356,1.084856,1.084856,1.084856,1.084856,1.084856,0.64246,0.64246,0.64246,0.64246,0.64246,0.454516,0.454516,0.454516,0.454516,0.454516,0.363208,0.363208,0.363208,0.363208,0.363208,0.30168,0.30168,0.30168,0.30168,0.30168,0.380448,0.380448,0.380448,0.380448,0.380448,0.281548,0.281548,0.281548,0.281548,0.281548,0.181412,0.181412,0.181412,0.181412,0.181412,0.132916,0.132916,0.132916,0.132916,0.132916,0.089756,0.089756,0.089756,0.089756,0.089756,0.071588,0.071588,0.071588,0.071588,0.071588,0.057564,0.057564,0.057564,0.057564,0.057564,0.057564,0.057564,0.057564,0.057564,0.057564,0.057564,0.057564,0.057564,0.057564,0.057564,0.057564,0.057564,0.057564,0.057564,0.057564,0.057564,0.057564,0.057564,0.057564,0.057564,0.057564
0.729252,0.729252,0.729252,0.729252,0.729252,0.234916,0.234916,0.234916,0.234916,0.234916,0.513308,0.513308,0.513308,0.513308,0.513308,0.94356,0.94356,0.94356,0.94356,0.94356,1.084856,1.084856,1.084856,1.084856,1.084856,0.64246,0.64246,0.64246,0.64246,0.64246,0.454516,0.454516,0.454516,0.454516,0.454516,0.363208,0.363208,0.363208,0.363208,0.363208,0.30168,0.30168,0.30168,0.30168,0.30168,0.380448,0.380448,0.380448,0.380448,0.380448,0.281548,0.281548,0.281548,0.281548,0.281548,0.181412,0.181412,0.181412,0.181412,0.181412,0.132916,0.132916,0.132916,0.132916,0.132916,0.089756,0.089756,0.089756,0.089756,0.089756,0.071588,0.071588,0.071588,0.071588,0.071588,0.057564,0.057564,0.057564,0.057564,0.057564,0.057564,0.057564,0.057564,0.057564,0.057564,0.057564,0.057564,0.057564,0.057564,0.057564,0.057564,0.057564,0.057564,0.057564,0.057564,0.057564,0.057564,0.057564,0.057564,0.057564,0.057564
0.729252,0.729252,0.729252,0.729252,0.729252,0.234916,0.234916,0.234916,0.234916,0.234916,0.513308,0.513308,0.513308,0.513308,0.513308,0.94356,0.94356,0.94356,0.94356,0.94356,1.084856,1.084856,1.084856,1.084856,1.084856,0.64246,0.64246,0.64246,0.64246,0.64246,0.454516,0.454516,0.454516,0.454516,0.454516,0.363208,0.363208,0.363208,0.363208,0.363208,0.30168,0.30168,0.30168,0.30168,0.30168,0.380448,0.380448,0.380448,0.380448,0.380448,0.281548,0.281548,0.281548,0.281548,0.281548,0.181412,0.181412,0.181412,0.181412,0.181412,0.132916,0.132916,0.132916,0.132916,0.132916,0.089756,0.089756,0.089756,0.089756,0.089756,0.071588,0.071588,0.071588,0.071588,0.071588,0.057564,0.057564,0.057564,0.057564,0.057564,0.057564,0.057564,0.057564,0.057564,0.057564,0.057564,0.057564,0.057564,0.057564,0.057564,0.057564,0.057564,0.057564,0.057564,0.057564,0.057564,0.057564,0.057564,0.057564,0.057564,0.057564
0.729252,0.729252,0.729252,0.729252,0.729252,0.234916,0.234916,0.234916,0.234916,0.234916,0.513308,0.513308,0.513308,0.513308,0.513308,0.94356,0.94356,0.94356,0.94356,0.94356,1.084856,1.084856,1.084856,1.084856,1.084856,0.64246,0.64246,0.64246,0.64246,0.64246,0.454516,0.454516,0.454516,0.454516,0.454516,0.363208,0.363208,0.363208,0.363208,0.363208,0.30168,0.30168,0.30168,0.30168,0.30168,0.380448,0.380448,0.380448,0.380448,0.380448,0.281548,0.281548,0.281548,0.281548,0.281548,0.181412,0.181412,0.181412,0.181412,0.181412,0.132916,0.132916,0.132916,0.132916,0.132916,0.089756,0.089756,0.089756,0.089756,0.089756,0.071588,0.071588,0.071588,0.071588,0.071588,0.057564,0.057564,0.057564,0.057564,0.057564,0.057564,0.057564,0.057564,0.057564,0.057564,0.057564,0.057564,0.057564,0.057564,0.057564,0.057564,0.057564,0.057564,0.057564,0.057564,0.057564,0.057564,0.057564,0.057564,0.057564,0.057564
0.729252,0.729252,0.729252,0.729252,0.729252,0.234916,0.234916,0.234916,0.234916,0.234916,0.513308,0.513308,0.513308,0.513308,0.513308,0.94356,0.94356,0.94356,0.94356,0.94356,1.084856,1.084856,1.084856,1.084856,1.084856,0.64246,0.64246,0.64246,0.64246,0.64246,0.454516,0.454516,0.454516,0.454516,0.454516,0.363208,0.363208,0.363208,0.363208,0.363208,0.30168,0.30168,0.30168,0.30168,0.30168,0.380448,0.380448,0.380448,0.380448,0.380448,0.281548,0.281548,0.281548,0.281548,0.281548,0.181412,0.181412,0.181412,0.181412,0.181412,0.132916,0.132916,0.132916,0.132916,0.132916,0.089756,0.089756,0.089756,0.089756,0.089756,0.071588,0.071588,0.071588,0.071588,0.071588,0.057564,0.057564,0.057564,0.057564,0.057564,0.057564,0.057564,0.057564,0.057564,0.057564,0.057564,0.057564,0.057564,0.057564,0.057564,0.057564,0.057564,0.057564,0.057564,0.057564,0.057564,0.057564,0.057564,0.057564,0.057564,0.057564
0.688996,0.688996,0.688996,0.688996,0.688996,0.516564,0.516564,0.516564,0.516564,0.516564,0.291768,0.291768,0.291768,0.291768,0.291768,0.51488,0.51488,0.51488,0.51488,0.51488,0.722076,0.722076,0.722076,0.722076,0.722076,0.764648,0.764648,0.764648,0.764648,0.764648,0.587128,0.587128,0.587128,0.587128,0.587128,0.433176,0.433176,0.433176,0.433176,0.433176,0.3325,0.3325,0.3325,0.3325,0.3325,0.700412,0.700412,0.700412,0.700412,0.700412,0.26102,0.26102,0.26102,0.26102,0.26102,0.206852,0.206852,0.206852,0.206852,0.206852,0.14312,0.14312,0.14312,0.14312,0.14312,0.0945,0.0945,0.0945,0.0945,0.0945,0.064972,0.064972,0.064972,0.064972,0.064972,0.060216,0.060216,0.060216,0.060216,0.060216,0.060216,0.060216,0.060216,0.060216,0.060216,0.060216,0.060216,0.060216,0.060216,0.060216,0.060216,0.060216,0.060216,0.060216,0.060216,0.060216,0.060216,0.060216,0.060216,0.060216,0.060216
0.688996,0.688996,0.688996,0.688996,0.688996,0.516564,0.516564,0.516564,0.516564,0.516564,0.291768,0.291768,0.291768,0.291768,0.291768,0.51488,0.51488,0.51488,0.51488,0.51488,0.722076,0.722076,0.722076,0.722076,0.722076,0.764648,0.764648,0.764648,0.764648,0.764648,0.587128,0.587128,0.587128,0.587128,0.587128,0.433176,0.433176,0.433176,0.433176,0.433176,0.3325,0.3325,0.3325,0.3325,0.3325,0.700412,0.700412,0.700412,0.700412,0.700412,0.26102,0.26102,0.26102,0.26102,0.26102,0.206852,0.206852,0.206852,0.206852,0.206852,0.14312,0.14312,0.14312,0.14312,0.14312,0.0945,0.0945,0.0945,0.0945,0.0945,0.064972,0.064972,0.064972,0.064972,0.064972,0.060216,0.060216,0.060216,0.060216,0.060216,0.060216,0.060216,0.060216,0.060216,0.060216,0.060216,0.060216,0.060216,0.060216,0.060216,0.060216,0.060216,0.060216,0.060216,0.060216,0.060216,0.060216,0.060216,0.060216,0.060216,0.060216
0.688996,0.688996,0.688996,0.688996,0.688996,0.516564,0.516564,0.516564,0.516564,0.516564,0.291768,0.291768,0.291768,0.291768,0.291768,0.51488,0.51488,0.51488,0.51488,0.51488,0.722076,0.722076,0.722076,0.722076,0.722076,0.764648,0.764648,0.764648,0.764648,0.764648,0.587128,0.587128,0.587128,0.587128,0.587128,0.433176,0.433176,0.433176,0.433176,0.433176,0.3325,0.3325,0.3325,0.3325,0.3325,0.700412,0.700412,0.700412,0.700412,0.700412,0.26102,0.26102,0.26102,0.26102,0.26102,0.206852,0.206852,0.206852,0.206852,0.206852,0.14312,0.14312,0.14312,0.14312,0.14312,0.0945,0.0945,0.0945,0.0945,0.0945,0.064972,0.064972,0.064972,0.064972,0.064972,0.060216,0.060216,0.060216,0.060216,0.060216,0.060216,0.060216,0.060216,0.060216,0.060216,0.060216,0.060216,0.060216,0.060216,0.060216,0.060216,0.060216,0.060216,0.060216,0.060216,0.060216,0.060216,0.060216,0.060216,0.060216,0.060216
0.688996,0.688996,0.688996,0.688996,0.688996,0.516564,0.516564,0.516564,0.516564,0.516564,0.291768,0.291768,0.291768,0.291768,0.291768,0.51488,0.51488,0.51488,0.51488,0.51488,0.722076,0.722076,0.722076,0.722076,0.722076,0.764648,0.764648,0.764648,0.764648,0.764648,0.587128,0.587128,0.587128,0.587128,0.587128,0.433176,0.433176,0.433176,0.433176,0.433176,0.3325,0.3325,0.3325,0.3325,0.3325,0.700412,0.700412,0.700412,0.700412,0.700412,0.26102,0.26102,0.26102,0.26102,0.26102,0.206852,0.206852,0.206852,0.206852,0.206852,0.14312,0.14312,0.14312,0.14312,0.14312,0.0945,0.0945,0.0945,0.0945,0.0945,0.064972,0.064972,0.064972,0.064972,0.064972,0.060216,0.060216,0.060216,0.060216,0.060216,0.060216,0.060216,0.060216,0.060216,0.060216,0.060216,0.060216,0.060216,0.060216,0.060216,0.060216,0.060216,0.060216,0.060216,0.060216,0.060216,0.060216,0.060216,0.060216,0.060216,0.060216
0.688996,0.688996,0.688996,0.688996,0.688996,0.516564,0.516564,0.516564,0.516564,0.516564,0.291768,0.291768,0.291768,0.291768,0.291768,0.51488,0.51488,0.51488,0.51488,0.51488,0.722076,0.722076,0.722076,0.722076,0.722076,0.764648,0.764648,0.764648,0.764648,0.764648,0.587128,0.587128,0.587128,0.587128,0.587128,0.433176,0.433176,0.433176,0.433176,0.433176,0.3325,0.3325,0.3325,0.3325,0.3325,0.700412,0.700412,0.700412,0.700412,0.700412,0.26102,0.26102,0.26102,0.26102,0.26102,0.206852,0.206852,0.206852,0.206852,0.206852,0.14312,0.14312,0.14312,0.14312,0.14312,0.0945,0.0945,0.0945,0.0945,0.0945,0.064972,0.064972,0.064972,0.064972,0.064972,0.060216,0.060216,0.060216,0.060216,0.060216,0.060216,0.060216,0.060216,0.060216,0.060216,0.060216,0.060216,0.060216,0.060216,0.060216,0.060216,0.060216,0.060216,0.060216,0.060216,0.060216,0.060216,0.060216,0.060216,0.060216,0.060216
0.681768,0.681768,0.681768,0.681768,0.681768,0.627256,0.627256,0.627256,0.627256,0.627256,0.445268,0.445268,0.445268,0.445268,0.445268,0.386388,0.386388,0.386388,0.386388,0.386388,0.580672,0.580672,0.580672,0.580672,0.580672,0.639748,0.639748,0.639748,0.639748,0.639748,0.748748,0.748748,0.748748,0.748748,0.748748,0.617184,0.617184,0.617184,0.617184,0.617184,0.4077,0.4077,0.4077,0.4077,0.4077,0.846924,0.846924,0.846924,0.846924,0.846924,0.31664,0.31664,0.31664,0.31664,0.31664,0.199268,0.199268,0.199268,0.199268,0.199268,0.142164,0.142164,0.142164,0.142164,0.142164,0.101692,0.101692,0.101692,0.101692,0.101692,0.081272,0.081272,0.081272,0.081272,0.081272,0.0657,0.0657,0.0657,0.0657,0.0657,0.0657,0.0657,0.0657,0.0657,0.0657,0.0657,0.0657,0.0657,0.0657,0.0657,0.0657,0.0657,0.0657,0.0657,0.0657,0.0657,0.0657,0.0657,0.0657,0.0657,0.0657
0.681768,0.681768,0.681768,0.681768,0.681768,0.627256,0.627256,0.627256,0.627256,0.627256,0.445268,0.445268,0.445268,0.445268,0.445268,0.386388,0.386388,0.386388,0.386388,0.386388,0.580672,0.580672,0.580672,0.580672,0.580672,0.639748,0.639748,0.639748,0.639748,0.639748,0.748748,0.748748,0.748748,0.748748,0.748748,0.617184,0.617184,0.617184,0.617184,0.617184,0.4077,0.4077,0.4077,0.4077,0.4077,0.846924,0.846924,0.846924,0.846924,0.846924,0.31664,0.31664,0.31664,0.31664,0.31664,0.199268,0.199268,0.199268,0.199268,0.199268,0.142164,0.142164,0.142164,0.142164,0.142164,0.101692,0.101692,0.101692,0.101692,0.101692,0.081272,0.081272,0.081272,0.081272,0.081272,0.0657,0.0657,0.0657,0.0657,0.0657,0.0657,0.0657,0.0657,0.0657,0.0657,0.0657,0.0657,0.0657,0.0657,0.0657,0.0657,0.0657,0.0657,0.0657,0.0657,0.0657,0.0657,0.0657,0.0657,0.0657,0.0657
0.681768,0.681768,0.681768,0.681768,0.681768,0.627256,0.627256,0.627256,0.627256,0.627256,0.445268,0.445268,0.445268,0.445268,0.445268,0.386388,0.386388,0.386388,0.386388,0.386388,0.580672,0.580672,0.580672,0.580672,0.580672,0.639748,0.639748,0.639748,0.639748,0.639748,0.748748,0.748748,0.748748,0.748748,0.748748,0.617184,0.617184,0.617184,0.617184,0.617184,0.4077,0.4077,0.4077,0.4077,0.4077,0.846924,0.846924,0.846924,0.846924,0.846924,0.31664,0.31664,0.31664,0.31664,0.31664,0.199268,0.199268,0.199268,0.199268,0.199268,0.142164,0.142164,0.142164,0.142164,0.142164,0.101692,0.101692,0.101692,0.101692,0.101692,0.081272,0.081272,0.081272,0.081272,0.081272,0.0657,0.0657,0.0657,0.0657,0.0657,0.0657,0.0657,0.0657,0.0657,0.0657,0.0657,0.0657,0.0657,0.0657,0.0657,0.0657,0.0657,0.0657,0.0657,0.0657,0.0657,0.0657,0.0657,0.0657,0.0657,0.0657
0.681768,0.681768,0.681768,0.681768,0.681768,0.627256,0.627256,0.627256,0.627256,0.627256,0.445268,0.445268,0.445268,0.445268,0.445268,0.386388,0.386388,0.386388,0.386388,0.386388,0.580672,0.580672,0.580672,0.580672,0.580672,0.639748,0.639748,0.639748,0.639748,0.639748,0.748748,0.748748,0.748748,0.748748,0.748748,0.617184,0.617184,0.617184,0.617184,0.617184,0.4077,0.4077,0.4077,0.4077,0.4077,0.846924,0.846924,0.846924,0.846924,0.846924,0.31664,0.31664,0.31664,0.31664,0.31664,0.199268,0.199268,0.199268,0.199268,0.199268,0.142164,0.142164,0.142164,0.142164,0.142164,0.101692,0.101692,0.101692,0.101692,0.101692,0.081272,0.081272,0.081272,0.081272,0.081272,0.0657,0.0657,0.0657,0.0657,0.0657,0.0657,0.0657,0.0657,0.0657,0.0657,0.0657,0.0657,0.0657,0.0657,0.0657,0.0657,0.0657,0.0657,0.0657,0.0657,0.0657,0.0657,0.0657,0.0657,0.0657,0.0657
0.681768,0.681768,0.681768,0.681768,0.681768,0.627256,0.627256,0.627256,0.627256,0.627256,0.445268,0.445268,0.445268,0.445268,0.445268,0.386388,0.386388,0.386388,0.386388,0.386388,0.580672,0.580672,0.580672,0.580672,0.580672,0.639748,0.639748,0.639748,0.639748,0.639748,0.748748,0.748748,0.748748,0.748748,0.748748,0.617184,0.617184,0.617184,0.617184,0.617184,0.4077,0.4077,0.4077,0.4077,0.4077,0.846924,0.846924,0.846924,0.846924,0.846924,0.31664,0.31664,0.31664,0.31664,0.31664,0.199268,0.199268,0.199268,0.199268,0.199268,0.142164,0.142164,0.142164,0.142164,0.142164,0.101692,0.101692,0.101692,0.101692,0.101692,0.081272,0.081272,0.081272,0.081272,0.081272,0.0657,0.0657,0.0657,0.0657,0.0657,0.0657,0.0657,0.0657,0.0657,0.0657,0.0657,0.0657,0.0657,0.0657,0.0657,0.0657,0.0657,0.0657,0.0657,0.0657,0.0657,0.0657,0.0657,0.0657,0.0657,0.0657
0.501976,0.501976,0.501976,0.501976,0.501976,0.695568,0.695568,0.695568,0.695568,0.695568,0.509008,0.509008,0.509008,0.509008,0.509008,0.462768,0.462768,0.462768,0.462768,0.462768,0.50558,0.50558,0.50558,0.50558,0.50558,0.598128,0.598128,0.598128,0.598128,0.598128,0.613588,0.613588,0.613588,0.613588,0.613588,0.6636,0.6636,0.6636,0.6636,0.6636,0.493056,0.493056,0.493056,0.493056,0.493056,0.6558,0.6558,0.6558,0.6558,0.6558,0.365148,0.365148,0.365148,0.365148,0.365148,0.184056,0.184056,0.184056,0.184056,0.184056,0.151464,0.151464,0.151464,0.151464,0.151464,0.103192,0.103192,0.103192,0.103192,0.103192,0.082608,0.082608,0.082608,0.082608,0.082608,0.080052,0.080052,0.080052,0.080052,0.080052,0.080052,0.080052,0.080052,0.080052,0.080052,0.080052,0.080052,0.080052,0.080052,0.080052,0.080052,0.080052,0.080052,0.080052,0.080052,0.080052,0.080052,0.080052,0.080052,0.080052,0.080052
0.501976,0.501976,0.501976,0.501976,0.501976,0.695568,0.695568,0.695568,0.695568,0.695568,0.509008,0.509008,0.509008,0.509008,0.509008,0.462768,0.462768,0.462768,0.462768,0.462768,0.50558,0.50558,0.50558,0.50558,0.50558,0.598128,0.598128,0.598128,0.598128,0.598128,0.613588,0.613588,0.613588,0.613588,0.613588,0.6636,0.6636,0.6636,0.6636,0.6636,0.493056,0.493056,0.493056,0.493056,0.493056,0.6558,0.6558,0.6558,0.6558,0.6558,0.365148,0.365148,0.365148,0.365148,0.365148,0.184056,0.184056,0.184056,0.184056,0.184056,0.151464,0.151464,0.151464,0.151464,0.151464,0.103192,0.103192,0.103192,0.103192,0.103192,0.082608,0.082608,0.082608,0.082608,0.082608,0.080052,0.080052,0.080052,0.080052,0.080052,0.080052,0.080052,0.080052,0.080052,0.080052,0.080052,0.080052,0.080052,0.080052,0.080052,0.080052,0.080052,0.080052,0.080052,0.080052,0.080052,0.080052,0.080052,0.080052,0.080052,0.080052
0.501976,0.501976,0.501976,0.501976,0.501976,0.695568,0.695568,0.695568,0.695568,0.695568,0.509008,0.509008,0.509008,0.509008,0.509008,0.462768,0.462768,0.462768,0.462768,0.462768,0.50558,0.50558,0.50558,0.50558,0.50558,0.598128,0.598128,0.598128,0.598128,0.598128,0.613588,0.613588,0.613588,0.613588,0.613588,0.6636,0.6636,0.6636,0.6636,0.6636,0.493056,0.493056,0.493056,0.493056,0.493056,0.6558,0.6558,0.6558,0.6558,0.6558,0.365148,0.365148,0.365148,0.365148,0.365148,0.184056,0.184056,0.184056,0.184056,0.184056,0.151464,0.151464,0.151464,0.151464,0.151464,0.103192,0.103192,0.103192,0.103192,0.103192,0.082608,0.082608,0.082608,0.082608,0.082608,0.080052,0.080052,0.080052,0.080052,0.080052,0.080052,0.080052,0.080052,0.080052,0.080052,0.080052,0.080052,0.080052,0.080052,0.080052,0.080052,0.080052,0.080052,0.080052,0.080052,0.080052,0.080052,0.080052,0.080052,0.080052,0.080052
0.501976,0.501976,0.501976,0.501976,0.501976,0.695568,0.695568,0.695568,0.695568,0.695568,0.509008,0.509008,0.509008,0.509008,0.509008,0.462768,0.462768,0.462768,0.462768,0.462768,0.50558,0.50558,0.50558,0.50558,0.50558,0.598128,0.598128,0.598128,0.598128,0.598128,0.613588,0.613588,0.613588,0.613588,0.613588,0.6636,0.6636,0.6636,0.6636,0.6636,0.493056,0.493056,0.493056,0.493056,0.493056,0.6558,0.6558,0.6558,0.6558,0.6558,0.365148,0.365148,0.365148,0.365148,0.365148,0.184056,0.184056,0.184056,0.184056,0.184056,0.151464,0.151464,0.151464,0.151464,0.151464,0.103192,0.103192,0.103192,0.103192,0.103192,0.082608,0.082608,0.082608,0.082608,0.082608,0.080052,0.080052,0.080052,0.080052,0.080052,0.080052,0.080052,0.080052,0.080052,0.080052,0.080052,0.080052,0.080052,0.080052,0.080052,0.080052,0.080052,0.080052,0.080052,0.080052,0.080052,0.080052,0.080052,0.080052,0.080052,0.080052
0.501976,0.501976,0.501976,0.501976,0.501976,0.695568,0.695568,0.695568,0.695568,0.695568,0.509008,0.509008,0.509008,0.509008,0.509008,0.462768,0.462768,0.462768,0.462768,0.462768,0.50558,0.50558,0.50558,0.50558,0.50558,0.598128,0.598128,0.598128,0.598128,0.598128,0.613588,0.613588,0.613588,0.613588,0.613588,0.6636,0.6636,0.6636,0.6636,0.6636,0.493056,0.493056,0.493056,0.493056,0.493056,0.6558,0.6558,0.6558,0.6558,0.6558,0.365148,0.365148,0.365148,0.365148,0.365148,0.184056,0.184056,0.184056,0.184056,0.184056,0.151464,0.151464,0.151464,0.151464,0.151464,0.103192,0.103192,0.103192,0.103192,0.103192,0.082608,0.082608,0.082608,0.082608,0.082608,0.080052,0.080052,0.080052,0.080052,0.080052,0.080052,0.080052,0.080052,0.080052,0.080052,0.080052,0.080052,0.080052,0.080052,0.080052,0.080052,0.080052,0.080052,0.080052,0.080052,0.080052,0.080052,0.080052,0.080052,0.080052,0.080052
0.296768,0.296768,0.296768,0.296768,0.296768,0.465564,0.465564,0.465564,0.465564,0.465564,0.582652,0.582652,0.582652,0.582652,0.582652,0.4513,0.4513,0.4513,0.4513,0.4513,0.454896,0.454896,0.454896,0.454896,0.454896,0.482224,0.482224,0.482224,0.482224,0.482224,0.522796,0.522796,0.522796,0.522796,0.522796,0.514996,0.514996,0.514996,0.514996,0.514996,0.500036,0.500036,0.500036,0.500036,0.500036,0.409976,0.409976,0.409976,0.409976,0.409976,0.368692,0.368692,0.368692,0.368692,0.368692,0.228192,0.228192,0.228192,0.228192,0.228192,0.136404,0.136404,0.136404,0.136404,0.136404,0.100716,0.100716,0.100716,0.100716,0.100716,0.084964,0.084964,0.084964,0.084964,0.084964,0.070256,0.070256,0.070256,0.070256,0.070256,0.070256,0.070256,0.070256,0.070256,0.070256,0.070256,0.070256,0.070256,0.070256,0.070256,0.070256,0.070256,0.070256,0.070256,0.070256,0.070256,0.070256,0.070256,0.070256,0.070256,0.070256
0.296768,0.296768,0.296768,0.296768,0.296768,0.465564,0.465564,0.465564,0.465564,0.465564,0.582652,0.582652,0.582652,0.582652,0.582652,0.4513,0.4513,0.4513,0.4513,0.4513,0.454896,0.454896,0.454896,0.454896,0.454896,0.482224,0.482224,0.482224,0.482224,0.482224,0.522796,0.522796,0.522796,0.522796,0.522796,0.514996,0.514996,0.514996,0.514996,0.514996,0.500036,0.500036,0.500036,0.500036,0.500036,0.409976,0.409976,0.409976,0.409976,0.409976,0.368692,0.368692,0.368692,0.368692,0.368692,0.228192,0.228192,0.228192,0.228192,0.228192,0.136404,0.136404,0.136404,0.136404,0.136404,0.100716,0.100716,0.100716,0.100716,0.100716,0.084964,0.084964,0.084964,0.084964,0.084964,0.070256,0.070256,0.070256,0.070256,0.070256,0.070256,0.070256,0.070256,0.070256,0.070256,0.070256,0.070256,0.070256,0.070256,0.070256,0.070256,0.070256,0.070256,0.070256,0.070256,0.070256,0.070256,0.070256,0.070256,0.070256,0.070256
0.296768,0.296768,0.296768,0.296768,0.296768,0.465564,0.465564,0.465564,0.465564,0.465564,0.582652,0.582652,0.582652,0.582652,0.582652,0.4513,0.4513,0.4513,0.4513,0.4513,0.454896,0.454896,0.454896,0.454896,0.454896,0.482224,0.482224,0.482224,0.482224,0.482224,0.522796,0.522796,0.522796,0.522796,0.522796,0.514996,0.514996,0.514996,0.514996,0.514996,0.500036,0.500036,0.500036,0.500036,0.500036,0.409976,0.409976,0.409976,0.409976,0.409976,0.368692,0.368692,0.368692,0.368692,0.368692,0.228192,0.228192,0.228192,0.228192,0.228192,0.136404,0.136404,0.136404,0.136404,0.136404,0.100716,0.100716,0.100716,0.100716,0.100716,0.084964,0.084964,0.084964,0.084964,0.084964,0.070256,0.070256,0.070256,0.070256,0.070256,0.070256,0.070256,0.070256,0.070256,0.070256,0.070256,0.070256,0.070256,0.070256,0.070256,0.070256,0.070256,0.070256,0.070256,0.070256,0.070256,0.070256,0.070256,0.070256,0.070256,0.070256
0.296768,0.296768,0.296768,0.296768,0.296768,0.465564,0.465564,0.465564,0.465564,0.465564,0.582652,0.582652,0.582652,0.582652,0.582652,0.4513,0.4513,0.4513,0.4513,0.4513,0.454896,0.454896,0.454896,0.454896,0.454896,0.482224,0.482224,0.482224,0.482224,0.482224,0.522796,0.522796,0.522796,0.522796,0.522796,0.514996,0.514996,0.514996,0.514996,0.514996,0.500036,0.500036,0.500036,0.500036,0.500036,0.409976,0.409976,0.409976,0.409976,0.409976,0.368692,0.368692,0.368692,0.368692,0.368692,0.228192,0.228192,0.228192,0.228192,0.228192,0.136404,0.136404,0.136404,0.136404,0.136404,0.100716,0.100716,0.100716,0.100716,0.100716,0.084964,0.084964,0.084964,0.084964,0.084964,0.070256,0.070256,0.070256,0.070256,0.070256,0.070256,0.070256,0.070256,0.070256,0.070256,0.070256,0.070256,0.070256,0.070256,0.070256,0.070256,0.070256,0.070256,0.070256,0.070256,0.070256,0.070256,0.070256,0.070256,0.070256,0.070256
0.296768,0.296768,0.296768,0.296768,0.296768,0.465564,0.465564,0.465564,0.465564,0.465564,0.582652,0.582652,0.582652,0.582652,0.582652,0.4513,0.4513,0.4513,0.4513,0.4513,0.454896,0.454896,0.454896,0.454896,0.454896,0.482224,0.482224,0.482224,0.482224,0.482224,0.522796,0.522796,0.522796,0.522796,0.522796,0.514996,0.514996,0.514996,0.514996,0.514996,0.500036,0.500036,0.500036,0.500036,0.500036,0.409976,0.409976,0.409976,0.409976,0.409976,0.368692,0.368692,0.368692,0.368692,0.368692,0.228192,0.228192,0.228192,0.228192,0.228192,0.136404,0.136404,0.136404,0.136404,0.136404,0.100716,0.100716,0.100716,0.100716,0.100716,0.084964,0.084964,0.084964,0.084964,0.084964,0.070256,0.070256,0.070256,0.070256,0.070256,0.070256,0.070256,0.070256,0.070256,0.070256,0.070256,0.070256,0.070256,0.070256,0.070256,0.070256,0.070256,0.070256,0.070256,0.070256,0.070256,0.070256,0.070256,0.070256,0.070256,0.070256
0.378844,0.378844,0.378844,0.378844,0.378844,0.46208,0.46208,0.46208,0.46208,0.46208,0.52048,0.52048,0.52048,0.52048,0.52048,0.541912,0.541912,0.541912,0.541912,0.541912,0.601128,0.601128,0.601128,0.601128,0.601128,0.483364,0.483364,0.483364,0.483364,0.483364,0.436108,0.436108,0.436108,0.436108,0.436108,0.528676,0.528676,0.528676,0.528676,0.528676,0.526664,0.526664,0.526664,0.526664,0.526664,0.368828,0.368828,0.368828,0.368828,0.368828,0.424444,0.424444,0.424444,0.424444,0.424444,0.302896,0.302896,0.302896,0.302896,0.302896,0.159144,0.159144,0.159144,0.159144,0.159144,0.089948,0.089948,0.089948,0.089948,0.089948,0.0845,0.0845,0.0845,0.0845,0.0845,0.075816,0.075816,0.075816,0.075816,0.075816,0.075816,0.075816,0.075816,0.075816,0.075816,0.075816,0.075816,0.075816,0.075816,0.075816,0.075816,0.075816,0.075816,0.075816,0.075816,0.075816,0.075816,0.075816,0.075816,0.075816,0.075816
0.378844,0.378844,0.378844,0.378844,0.378844,0.46208,0.46208,0.46208,0.46208,0.46208,0.52048,0.52048,0.52048,0.52048,0.52048,0.541912,0.541912,0.541912,0.541912,0.541912,0.601128,0.601128,0.601128,0.601128,0.601128,0.483364,0.483364,0.483364,0.483364,0.483364,0.436108,0.436108,0.436108,0.436108,0.436108,0.528676,0.528676,0.528676,0.528676,0.528676,0.526664,0.526664,0.526664,0.526664,0.526664,0.368828,0.368828,0.368828,0.368828,0.368828,0.424444,0.424444,0.424444,0.424444,0.424444,0.302896,0.302896,0.302896,0.302896,0.302896,0.159144,0.159144,0.159144,0.159144,0.159144,0.089948,0.089948,0.089948,0.089948,0.089948,0.0845,0.0845,0.0845,0.0845,0.0845,0.075816,0.075816,0.075816,0.075816,0.075816,0.075816,0.075816,0.075816,0.075816,0.075816,0.075816,0.075816,0.075816,0.075816,0.075816,0.075816,0.075816,0.075816,0.075816,0.075816,0.075816,0.075816,0.075816,0.075816,0.075816,0.075816
0.378844,0.378844,0.378844,0.378844,0.378844,0.46208,0.46208,0.46208,0.46208,0.46208,0.52048,0.52048,0.52048,0.52048,0.52048,0.541912,0.541912,0.541912,0.541912,0.541912,0.601128,0.601128,0.601128,0.601128,0.601128,0.483364,0.483364,0.483364,0.483364,0.483364,0.436108,0.436108,0.436108,0.436108,0.436108,0.528676,0.528676,0.528676,0.528676,0.528676,0.526664,0.526664,0.526664,0.526664,0.526664,0.368828,0.368828,0.368828,0.368828,0.368828,0.424444,0.424444,0.424444,0.424444,0.424444,0.302896,0.302896,0.302896,0.302896,0.302896,0.159144,0.159144,0.159144,0.159144,0.159144,0.089948,0.089948,0.089948,0.089948,0.089948,0.0845,0.0845,0.0845,0.0845,0.0845,0.075816,0.075816,0.075816,0.075816,0.075816,0.075816,0.075816,0.075816,0.075816,0.075816,0.075816,0.075816,0.075816,0.075816,0.075816,0.075816,0.075816,0.075816,0.075816,0.075816,0.075816,0.075816,0.075816,0.075816,0.075816,0.075816
0.378844,0.378844,0.378844,0.378844,0.378844,0.46208,0.46208,0.46208,0.46208,0.46208,0.52048,0.52048,0.52048,0.52048,0.52048,0.541912,0.541912,0.541912,0.541912,0.541912,0.601128,0.601128,0.601128,0.601128,0.601128,0.483364,0.483364,0.483364,0.483364,0.483364,0.436108,0.436108,0.436108,0.436108,0.436108,0.528676,0.528676,0.528676,0.528676,0.528676,0.526664,0.526664,0.526664,0.526664,0.526664,0.368828,0.368828,0.368828,0.368828,0.368828,0.424444,0.424444,0.424444,0.424444,0.424444,0.302896,0.302896,0.302896,0.302896,0.302896,0.159144,0.159144,0.159144,0.159144,0.159144,0.089948,0.089948,0.089948,0.089948,0.089948,0.0845,0.0845,0.0845,0.0845,0.0845,0.075816,0.075816,0.075816,0.075816,0.075816,0.075816,0.075816,0.075816,0.075816,0.075816,0.075816,0.075816,0.075816,0.075816,0.075816,0.075816,0.075816,0.075816,0.075816,0.075816,0.075816,0.075816,0.075816,0.075816,0.075816,0.075816
0.378844,0.378844,0.378844,0.378844,0.378844,0.46208,0.46208,0.46208,0.46208,0.46208,0.52048,0.52048,0.52048,0.52048,0.52048,0.541912,0.541912,0.541912,0.541912,0.541912,0.601128,0.601128,0.601128,0.601128,0.601128,0.483364,0.483364,0.483364,0.483364,0.483364,0.436108,0.436108,0.436108,0.436108,0.436108,0.528676,0.528676,0.528676,0.528676,0.528676,0.526664,0.526664,0.526664,0.526664,0.526664,0.368828,0.368828,0.368828,0.368828,0.368828,0.424444,0.424444,0.424444,0.424444,0.424444,0.302896,0.302896,0.302896,0.302896,0.302896,0.159144,0.159144,0.159144,0.159144,0.159144,0.089948,0.089948,0.089948,0.089948,0.089948,0.0845,0.0845,0.0845,0.0845,0.0845,0.075816,0.075816,0.075816,0.075816,0.075816,0.075816,0.075816,0.075816,0.075816,0.075816,0.075816,0.075816,0.075816,0.075816,0.075816,0.075816,0.075816,0.075816,0.075816,0.075816,0.075816,0.075816,0.075816,0.075816,0.075816,0.075816
0.536036,0.536036,0.536036,0.536036,0.536036,0.388136,0.388136,0.388136,0.388136,0.388136,0.38786,0.38786,0.38786,0.38786,0.38786,0.418296,0.418296,0.418296,0.418296,0.418296,0.55974,0.55974,0.55974,0.55974,0.55974,0.530628,0.530628,0.530628,0.530628,0.530628,0.396552,0.396552,0.396552,0.396552,0.396552,0.396624,0.396624,0.396624,0.396624,0.396624,0.331432,0.331432,0.331432,0.331432,0.331432,0.485764,0.485764,0.485764,0.485764,0.485764,0.357988,0.357988,0.357988,0.357988,0.357988,0.275244,0.275244,0.275244,0.275244,0.275244,0.185648,0.185648,0.185648,0.185648,0.185648,0.104688,0.104688,0.104688,0.104688,0.104688,0.07254,0.07254,0.07254,0.07254,0.07254,0.066184,0.066184,0.066184,0.066184,0.066184,0.066184,0.066184,0.066184,0.066184,0.066184,0.066184,0.066184,0.066184,0.066184,0.066184,0.066184,0.066184,0.066184,0.066184,0.066184,0.066184,0.066184,0.066184,0.066184,0.066184,0.066184
0.536036,0.536036,0.536036,0.536036,0.536036,0.388136,0.388136,0.388136,0.388136,0.388136,0.38786,0.38786,0.38786,0.38786,0.38786,0.418296,0.418296,0.418296,0.418296,0.418296,0.55974,0.55974,0.55974,0.55974,0.55974,0.530628,0.530628,0.530628,0.530628,0.530628,0.396552,0.396552,0.396552,0.396552,0.396552,0.396624,0.396624,0.396624,0.396624,0.396624,0.331432,0.331432,0.331432,0.331432,0.331432,0.485764,0.485764,0.485764,0.485764,0.485764,0.357988,0.357988,0.357988,0.357988,0.357988,0.275244,0.275244,0.275244,0.275244,0.275244,0.185648,0.185648,0.185648,0.185648,0.185648,0.104688,0.104688,0.104688,0.104688,0.104688,0.07254,0.07254,0.07254,0.07254,0.07254,0.066184,0.066184,0.066184,0.066184,0.066184,0.066184,0.066184,0.066184,0.066184,0.066184,0.066184,0.066184,0.066184,0.066184,0.066184,0.066184,0.066184,0.066184,0.066184,0.066184,0.066184,0.066184,0.066184,0.066184,0.066184,0.066184
0.536036,0.536036,0.536036,0.536036,0.536036,0.388136,0.388136,0.388136,0.388136,0.388136,0.38786,0.38786,0.38786,0.38786,0.38786,0.418296,0.418296,0.418296,0.418296,0.418296,0.55974,0.55974,0.55974,0.55974,0.55974,0.530628,0.530628,0.530628,0.530628,0.530628,0.396552,0.396552,0.396552,0.396552,0.396552,0.396624,0.396624,0.396624,0.396624,0.396624,0.331432,0.331432,0.331432,0.331432,0.331432,0.485764,0.485764,0.485764,0.485764,0.485764,0.357988,0.357988,0.357988,0.357988,0.357988,0.275244,0.275244,0.275244,0.275244,0.275244,0.185648,0.185648,0.185648,0.185648,0.185648,0.104688,0.104688,0.104688,0.104688,0.104688,0.07254,0.07254,0.07254,0.07254,0.07254,0.066184,0.066184,0.066184,0.066184,0.066184,0.066184,0.066184,0.066184,0.066184,0.066184,0.066184,0.066184,0.066184,0.066184,0.066184,0.066184,0.066184,0.066184,0.066184,0.066184,0.066184,0.066184,0.066184,0.066184,0.066184,0.066184
0.536036,0.536036,0.536036,0.536036,0.536036,0.388136,0.388136,0.388136,0.388136,0.388136,0.38786,0.38786,0.38786,0.38786,0.38786,0.418296,0.418296,0.418296,0.418296,0.418296,0.55974,0.55974,0.55974,0.55974,0.55974,0.530628,0.530628,0.530628,0.530628,0.530628,0.396552,0.396552,0.396552,0.396552,0.396552,0.396624,0.396624,0.396624,0.396624,0.396624,0.331432,0.331432,0.331432,0.331432,0.331432,0.485764,0.485764,0.485764,0.485764,0.485764,0.357988,0.357988,0.357988,0.357988,0.357988,0.275244,0.275244,0.275244,0.275244,0.275244,0.185648,0.185648,0.185648,0.185648,0.185648,0.104688,0.104688,0.104688,0.104688,0.104688,0.07254,0.07254,0.07254,0.07254,0.07254,0.066184,0.066184,0.066184,0.066184,0.066184,0.066184,0.066184,0.066184,0.066184,0.066184,0.066184,0.066184,0.066184,0.066184,0.066184,0.066184,0.066184,0.066184,0.066184,0.066184,0.066184,0.066184,0.066184,0.066184,0.066184,0.066184
0.536036,0.536036,0.536036,0.536036,0.536036,0.388136,0.388136,0.388136,0.388136,0.388136,0.38786,0.38786,0.38786,0.38786,0.38786,0.418296,0.418296,0.418296,0.418296,0.418296,0.55974,0.55974,0.55974,0.55974,0.55974,0.530628,0.530628,0.530628,0.530628,0.530628,0.396552,0.396552,0.396552,0.396552,0.396552,0.396624,0.396624,0.396624,0.396624,0.396624,0.331432,0.331432,0.331432,0.331432,0.331432,0.485764,0.485764,0.485764,0.485764,0.485764,0.357988,0.357988,0.357988,0.357988,0.357988,0.275244,0.275244,0.275244,0.275244,0.275244,0.185648,0.185648,0.185648,0.185648,0.185648,0.104688,0.104688,0.104688,0.104688,0.104688,0.07254,0.07254,0.07254,0.07254,0.07254,0.066184,0.066184,0.066184,0.066184,0.066184,0.066184,0.066184,0.066184,0.066184,0.066184,0.066184,0.066184,0.066184,0.066184,0.066184,0.066184,0.066184,0.066184,0.066184,0.066184,0.066184,0.066184,0.066184,0.066184,0.066184,0.066184
0.518688,0.518688,0.518688,0.518688,0.518688,0.32768,0.32768,0.32768,0.32768,0.32768,0.302404,0.302404,0.302404,0.302404,0.302404,0.31834,0.31834,0.31834,0.31834,0.31834,0.401348,0.401348,0.401348,0.401348,0.401348,0.3905,0.3905,0.3905,0.3905,0.3905,0.386156,0.386156,0.386156,0.386156,0.386156,0.314148,0.314148,0.314148,0.314148,0.314148,0.249392,0.249392,0.249392,0.249392,0.249392,0.458368,0.458368,0.458368,0.458368,0.458368,0.227468,0.227468,0.227468,0.227468,0.227468,0.225016,0.225016,0.225016,0.225016,0.225016,0.153224,0.153224,0.153224,0.153224,0.153224,0.117188,0.117188,0.117188,0.117188,0.117188,0.08268,0.08268,0.08268,0.08268,0.08268,0.068688,0.068688,0.068688,0.068688,0.068688,0.068688,0.068688,0.068688,0.068688,0.068688,0.068688,0.068688,0.068688,0.068688,0.068688,0.068688,0.068688,0.068688,0.068688,0.068688,0.068688,0.068688,0.068688,0.068688,0.068688,0.068688
0.518688,0.518688,0.518688,0.518688,0.518688,0.32768,0.32768,0.32768,0.32768,0.32768,0.302404,0.302404,0.302404,0.302404,0.302404,0.31834,0.31834,0.31834,0.31834,0.31834,0.401348,0.401348,0.401348,0.401348,0.401348,0.3905,0.3905,0.3905,0.3905,0.3905,0.386156,0.386156,0.386156,0.386156,0.386156,0.314148,0.314148,0.314148,0.314148,0.314148,0.249392,0.249392,0.249392,0.249392,0.249392,0.458368,0.458368,0.458368,0.458368,0.458368,0.227468,0.227468,0.227468,0.227468,0.227468,0.225016,0.225016,0.225016,0.225016,0.225016,0.153224,0.153224,0.153224,0.153224,0.153224,0.117188,0.117188,0.117188,0.117188,0.117188,0.08268,0.08268,0.08268,0.08268,0.08268,0.068688,0.068688,0.068688,0.068688,0.068688,0.068688,0.068688,0.068688,0.068688,0.068688,0.068688,0.068688,0.068688,0.068688,0.068688,0.068688,0.068688,0.068688,0.068688,0.068688,0.068688,0.068688,0.068688,0.068688,0.068688,0.068688
0.518688,0.518688,0.518688,0.518688,0.518688,0.32768,0.32768,0.32768,0.32768,0.32768,0.302404,0.302404,0.302404,0.302404,0.302404,0.31834,0.31834,0.31834,0.31834,0.31834,0.401348,0.401348,0.401348,0.401348,0.401348,0.3905,0.3905,0.3905,0.3905,0.3905,0.386156,0.386156,0.386156,0.386156,0.386156,0.314148,0.314148,0.314148,0.314148,0.314148,0.249392,0.249392,0.249392,0.249392,0.249392,0.458368,0.458368,0.458368,0.458368,0.458368,0.227468,0.227468,0.227468,0.227468,0.227468,0.225016,0.225016,0.225016,0.225016,0.225016,0.153224,0.153224,0.153224,0.153224,0.153224,0.117188,0.117188,0.117188,0.117188,0.117188,0.08268,0.08268,0.08268,0.08268,0.08268,0.068688,0.068688,0.068688,0.068688,0.068688,0.068688,0.068688,0.068688,0.068688,0.068688,0.068688,0.068688,0.068688,0.068688,0.068688,0.068688,0.068688,0.068688,0.068688,0.068688,0.068688,0.068688,0.068688,0.068688,0.068688,0.068688
0.518688,0.518688,0.518688,0.518688,0.518688,0.32768,0.32768,0.32768,0.32768,0.32768,0.302404,0.302404,0.302404,0.302404,0.302404,0.31834,0.31834,0.31834,0.31834,0.31834,0.401348,0.401348,0.401348,0.401348,0.401348,0.3905,0.3905,0.3905,0.3905,0.3905,0.386156,0.386156,0.386156,0.386156,0.386156,0.314148,0.314148,0.314148,0.314148,0.314148,0.249392,0.249392,0.249392,0.249392,0.249392,0.458368,0.458368,0.458368,0.458368,0.458368,0.227468,0.227468,0.227468,0.227468,0.227468,0.225016,0.225016,0.225016,0.225016,0.225016,0.153224,0.153224,0.153224,0.153224,0.153224,0.117188,0.117188,0.117188,0.117188,0.117188,0.08268,0.08268,0.08268,0.08268,0.08268,0.068688,0.068688,0.068688,0.068688,0.068688,0.068688,0.068688,0.068688,0.068688,0.068688,0.068688,0.068688,0.068688,0.068688,0.068688,0.068688,0.068688,0.068688,0.068688,0.068688,0.068688,0.068688,0.068688,0.068688,0.068688,0.068688
0.518688,0.518688,0.518688,0.518688,0.518688,0.32768,0.32768,0.32768,0.32768,0.32768,0.302404,0.302404,0.302404,0.302404,0.302404,0.31834,0.31834,0.31834,0.31834,0.31834,0.401348,0.401348,0.401348,0.401348,0.401348,0.3905,0.3905,0.3905,0.3905,0.3905,0.386156,0.386156,0.386156,0.386156,0.386156,0.314148,0.314148,0.314148,0.314148,0.314148,0.249392,0.249392,0.249392,0.249392,0.249392,0.458368,0.458368,0.458368,0.458368,0.458368,0.227468,0.227468,0.227468,0.227468,0.227468,0.225016,0.225016,0.225016,0.225016,0.225016,0.153224,0.153224,0.153224,0.153224,0.153224,0.117188,0.117188,0.117188,0.117188,0.117188,0.08268,0.08268,0.08268,0.08268,0.08268,0.068688,0.068688,0.068688,0.068688,0.068688,0.068688,0.068688,0.068688,0.068688,0.068688,0.068688,0.068688,0.068688,0.068688,0.068688,0.068688,0.068688,0.068688,0.068688,0.068688,0.068688,0.068688,0.068688,0.068688,0.068688,0.068688
0.389804,0.389804,0.389804,0.389804,0.389804,0.340724,0.340724,0.340724,0.340724,0.340724,0.227936,0.227936,0.227936,0.227936,0.227936,0.260896,0.260896,0.260896,0.260896,0.260896,0.30814,0.30814,0.30814,0.30814,0.30814,0.354708,0.354708,0.354708,0.354708,0.354708,0.308992,0.308992,0.308992,0.308992,0.308992,0.269144,0.269144,0.269144,0.269144,0.269144,0.173216,0.173216,0.173216,0.173216,0.173216,0.476324,0.476324,0.476324,0.476324,0.476324,0.173528,0.173528,0.173528,0.173528,0.173528,0.16016,0.16016,0.16016,0.16016,0.16016,0.14092,0.14092,0.14092,0.14092,0.14092,0.107372,0.107372,0.107372,0.107372,0.107372,0.087208,0.087208,0.087208,0.087208,0.087208,0.063444,0.063444,0.063444,0.063444,0.063444,0.063444,0.063444,0.063444,0.063444,0.063444,0.063444,0.063444,0.063444,0.063444,0.063444,0.063444,0.063444,0.063444,0.063444,0.063444,0.063444,0.063444,0.063444,0.063444,0.063444,0.063444
0.389804,0.389804,0.389804,0.389804,0.389804,0.340724,0.340724,0.340724,0.340724,0.340724,0.227936,0.227936,0.227936,0.227936,0.227936,0.260896,0.260896,0.260896,0.260896,0.260896,0.30814,0.30814,0.30814,0.30814,0.30814,0.354708,0.354708,0.354708,0.354708,0.354708,0.308992,0.308992,0.308992,0.308992,0.308992,0.269144,0.269144,0.269144,0.269144,0.269144,0.173216,0.173216,0.173216,0.173216,0.173216,0.476324,0.476324,0.476324,0.476324,0.476324,0.173528,0.173528,0.173528,0.173528,0.173528,0.16016,0.16016,0.16016,0.16016,0.16016,0.14092,0.14092,0.14092,0.14092,0.14092,0.107372,0.107372,0.107372,0.107372,0.107372,0.087208,0.087208,0.087208,0.087208,0.087208,0.063444,0.063444,0.063444,0.063444,0.063444,0.063444,0.063444,0.063444,0.063444,0.063444,0.063444,0.063444,0.063444,0.063444,0.063444,0.063444,0.063444,0.063444,0.063444,0.063444,0.063444,0.063444,0.063444,0.063444,0.063444,0.063444
0.389804,0.389804,0.389804,0.389804,0.389804,0.340724,0.340724,0.340724,0.340724,0.340724,0.227936,0.227936,0.227936,0.227936,0.227936,0.260896,0.260896,0.260896,0.260896,0.260896,0.30814,0.30814,0.30814,0.30814,0.30814,0.354708,0.354708,0.354708,0.354708,0.354708,0.308992,0.308992,0.308992,0.308992,0.308992,0.269144,0.269144,0.269144,0.269144,0.269144,0.173216,0.173216,0.173216,0.173216,0.173216,0.476324,0.476324,0.476324,0.476324,0.476324,0.173528,0.173528,0.173528,0.173528,0.173528,0.16016,0.16016,0.16016,0.16016,0.16016,0.14092,0.14092,0.14092,0.14092,0.14092,0.107372,0.107372,0.107372,0.107372,0.107372,0.087208,0.087208,0.087208,0.087208,0.087208,0.063444,0.063444,0.063444,0.063444,0.063444,0.063444,0.063444,0.063444,0.063444,0.063444,0.063444,0.063444,0.063444,0.063444,0.063444,0.063444,0.063444,0.063444,0.063444,0.063444,0.063444,0.063444,0.063444,0.063444,0.063444,0.063444
0.389804,0.389804,0.389804,0.389804,0.389804,0.340724,0.340724,0.340724,0.340724,0.340724,0.227936,0.227936,0.227936,0.227936,0.227936,0.260896,0.260896,0.260896,0.260896,0.260896,0.30814,0.30814,0.30814,0.30814,0.30814,0.354708,0.354708,0.354708,0.354708,0.354708,0.308992,0.308992,0.308992,0.308992,0.308992,0.269144,0.269144,0.269144,0.269144,0.269144,0.173216,0.173216,0.173216,0.173216,0.173216,0.476324,0.476324,0.476324,0.476324,0.476324,0.173528,0.173528,0.173528,0.173528,0.173528,0.16016,0.16016,0.16016,0.16016,0.16016,0.14092,0.14092,0.14092,0.14092,0.14092,0.107372,0.107372,0.107372,0.107372,0.107372,0.087208,0.087208,0.087208,0.087208,0.087208,0.063444,0.063444,0.063444,0.063444,0.063444,0.063444,0.063444,0.063444,0.063444,0.063444,0.063444,0.063444,0.063444,0.063444,0.063444,0.063444,0.063444,0.063444,0.063444,0.063444,0.063444,0.063444,0.063444,0.063444,0.063444,0.063444
0.389804,0.389804,0.389804,0.389804,0.389804,0.340724,0.340724,0.340724,0.340724,0.340724,0.227936,0.227936,0.227936,0.227936,0.227936,0.260896,0.260896,0.260896,0.260896,0.260896,0.30814,0.30814,0.30814,0.30814,0.30814,0.354708,0.354708,0.354708,0.354708,0.354708,0.308992,0.308992,0.308992,0.308992,0.308992,0.269144,0.269144,0.269144,0.269144,0.269144,0.173216,0.173216,0.173216,0.173216,0.173216,0.476324,0.476324,0.476324,0.476324,0.476324,0.173528,0.173528,0.173528,0.173528,0.173528,0.16016,0.16016,0.16016,0.16016,0.16016,0.14092,0.14092,0.14092,0.14092,0.14092,0.107372,0.107372,0.107372,0.107372,0.107372,0.087208,0.087208,0.087208,0.087208,0.087208,0.063444,0.063444,0.063444,0.063444,0.063444,0.063444,0.063444,0.063444,0.063444,0.063444,0.063444,0.063444,0.063444,0.063444,0.063444,0.063444,0.063444,0.063444,0.063444,0.063444,0.063444,0.063444,0.063444,0.063444,0.063444,0.063444
0.19178,0.19178,0.19178,0.19178,0.19178,0.323356,0.323356,0.323356,0.323356,0.323356,0.331448,0.331448,0.331448,0.331448,0.331448,0.17526,0.17526,0.17526,0.17526,0.17526,0.233716,0.233716,0.233716,0.233716,0.233716,0.202524,0.202524,0.202524,0.202524,0.202524,0.257916,0.257916,0.257916,0.257916,0.257916,0.253996,0.253996,0.253996,0.253996,0.253996,0.18852,0.18852,0.18852,0.18852,0.18852,0.386504,0.386504,0.386504,0.386504,0.386504,0.146472,0.146472,0.146472,0.146472,0.146472,0.115088,0.115088,0.115088,0.115088,0.115088,0.144632,0.144632,0.144632,0.144632,0.144632,0.11734,0.11734,0.11734,0.11734,0.11734,0.099864,0.099864,0.099864,0.099864,0.099864,0.068248,0.068248,0.068248,0.068248,0.068248,0.068248,0.068248,0.068248,0.068248,0.068248,0.068248,0.068248,0.068248,0.068248,0.068248,0.068248,0.068248,0.068248,0.068248,0.068248,0.068248,0.068248,0.068248,0.068248,0.068248,0.068248
0.19178,0.19178,0.19178,0.19178,0.19178,0.323356,0.323356,0.323356,0.323356,0.323356,0.331448,0.331448,0.331448,0.331448,0.331448,0.17526,0.17526,0.17526,0.17526,0.17526,0.233716,0.233716,0.233716,0.233716,0.233716,0.202524,0.202524,0.202524,0.202524,0.202524,0.257916,0.257916,0.257916,0.257916,0.257916,0.253996,0.253996,0.253996,0.253996,0.253996,0.18852,0.18852,0.18852,0.18852,0.18852,0.386504,0.386504,0.386504,0.386504,0.386504,0.146472,0.146472,0.146472,0.146472,0.146472,0.115088,0.115088,0.115088,0.115088,0.115088,0.144632,0.144632,0.144632,0.144632,0.144632,0.11734,0.11734,0.11734,0.11734,0.11734,0.099864,0.099864,0.099864,0.099864,0.099864,0.068248,0.068248,0.068248,0.068248,0.068248,0.068248,0.068248,0.068248,0.068248,0.068248,0.068248,0.068248,0.068248,0.068248,0.068248,0.068248,0.068248,0.068248,0.068248,0.068248,0.068248,0.068248,0.068248,0.068248,0.068248,0.068248
0.19178,0.19178,0.19178,0.19178,0.19178,0.323356,0.323356,0.323356,0.323356,0.323356,0.331448,0.331448,0.331448,0.331448,0.331448,0.17526,0.17526,0.17526,0.17526,0.17526,0.233716,0.233716,0.233716,0.233716,0.233716,0.202524,0.202524,0.202524,0.202524,0.202524,0.257916,0.257916,0.257916,0.257916,0.257916,0.253996,0.253996,0.253996,0.253996,0.253996,0.18852,0.18852,0.18852,0.18852,0.18852,0.386504,0.386504,0.386504,0.386504,0.386504,0.146472,0.146472,0.146472,0.146472,0.146472,0.115088,0.115088,0.115088,0.115088,0.115088,0.144632,0.144632,0.144632,0.144632,0.144632,0.11734,0.11734,0.11734,0.11734,0.11734,0.099864,0.099864,0.099864,0.099864,0.099864,0.068248,0.068248,0.068248,0.068248,0.068248,0.068248,0.068248,0.068248,0.068248,0.068248,0.068248,0.068248,0.068248,0.068248,0.068248,0.068248,0.068248,0.068248,0.068248,0.068248,0.068248,0.068248,0.068248,0.068248,0.068248,0.068248
0.19178,0.19178,0.19178,0.19178,0.19178,0.323356,0.323356,0.323356,0.323356,0.323356,0.331448,0.331448,0.331448,0.331448,0.331448,0.17526,0.17526,0.17526,0.17526,0.17526,0.233716,0.233716,0.233716,0.233716,0.233716,0.202524,0.202524,0.202524,0.202524,0.202524,0.257916,0.257916,0.257916,0.257916,0.257916,0.253996,0.253996,0.253996,0.253996,0.253996,0.18852,0.18852,0.18852,0.18852,0.18852,0.386504,0.386504,0.386504,0.386504,0.386504,0.146472,0.146472,0.146472,0.146472,0.146472,0.115088,0.115088,0.115088,0.115088,0.115088,0.144632,0.144632,0.144632,0.144632,0.144632,0.11734,0.11734,0.11734,0.11734,0.11734,0.099864,0.099864,0.099864,0.099864,0.099864,0.068248,0.068248,0.068248,0.068248,0.068248,0.068248,0.068248,0.068248,0.068248,0.068248,0.068248,0.068248,0.068248,0.068248,0.068248,0.068248,0.068248,0.068248,0.068248,0.068248,0.068248,0.068248,0.068248,0.068248,0.068248,0.068248
0.19178,0.19178,0.19178,0.19178,0.19178,0.323356,0.323356,0.323356,0.323356,0.323356,0.331448,0.331448,0.331448,0.331448,0.331448,0.17526,0.17526,0.17526,0.17526,0.17526,0.233716,0.233716,0.233716,0.233716,0.233716,0.202524,0.202524,0.202524,0.202524,0.202524,0.257916,0.257916,0.257916,0.257916,0.257916,0.253996,0.253996,0.253996,0.253996,0.253996,0.18852,0.18852,0.18852,0.18852,0.18852,0.386504,0.386504,0.386504,0.386504,0.386504,0.146472,0.146472,0.146472,0.146472,0.146472,0.115088,0.115088,0.115088,0.115088,0.115088,0.144632,0.144632,0.144632,0.144632,0.144632,0.11734,0.11734,0.11734,0.11734,0.11734,0.099864,0.099864,0.099864,0.099864,0.099864,0.068248,0.068248,0.068248,0.068248,0.068248,0.068248,0.068248,0.068248,0.068248,0.068248,0.068248,0.068248,0.068248,0.068248,0.068248,0.068248,0.068248,0.068248,0.068248,0.068248,0.068248,0.068248,0.068248,0.068248,0.068248,0.068248
0.273944,0.273944,0.273944,0.273944,0.273944,0.347168,0.347168,0.347168,0.347168,0.347168,0.273644,0.273644,0.273644,0.273644,0.273644,0.155028,0.155028,0.155028,0.155028,0.155028,0.156336,0.156336,0.156336,0.156336,0.156336,0.200508,0.200508,0.200508,0.200508,0.200508,0.208688,0.208688,0.208688,0.208688,0.208688,0.194804,0.194804,0.194804,0.194804,0.194804,0.187812,0.187812,0.187812,0.187812,0.187812,0.290356,0.290356,0.290356,0.290356,0.290356,0.16904,0.16904,0.16904,0.16904,0.16904,0.114956,0.114956,0.114956,0.114956,0.114956,0.090212,0.090212,0.090212,0.090212,0.090212,0.102308,0.102308,0.102308,0.102308,0.102308,0.08778,0.08778,0.08778,0.08778,0.08778,0.064376,0.064376,0.064376,0.064376,0.064376,0.064376,0.064376,0.064376,0.064376,0.064376,0.064376,0.064376,0.064376,0.064376,0.064376,0.064376,0.064376,0.064376,0.064376,0.064376,0.064376,0.064376,0.064376,0.064376,0.064376,0.064376
0.273944,0.273944,0.273944,0.273944,0.273944,0.347168,0.347168,0.347168,0.347168,0.347168,0.273644,0.273644,0.273644,0.273644,0.273644,0.155028,0.155028,0.155028,0.155028,0.155028,0.156336,0.156336,0.156336,0.156336,0.156336,0.200508,0.200508,0.200508,0.200508,0.200508,0.208688,0.208688,0.208688,0.208688,0.208688,0.194804,0.194804,0.194804,0.194804,0.194804,0.187812,0.187812,0.187812,0.187812,0.187812,0.290356,0.290356,0.290356,0.290356,0.290356,0.16904,0.16904,0.16904,0.16904,0.16904,0.114956,0.114956,0.114956,0.114956,0.114956,0.090212,0.090212,0.090212,0.090212,0.090212,0.102308,0.102308,0.102308,0.102308,0.102308,0.08778,0.08778,0.08778,0.08778,0.08778,0.064376,0.064376,0.064376,0.064376,0.064376,0.064376,0.064376,0.064376,0.064376,0.064376,0.064376,0.064376,0.064376,0.064376,0.064376,0.064376,0.064376,0.064376,0.064376,0.064376,0.064376,0.064376,0.064376,0.064376,0.064376,0.064376
0.273944,0.273944,0.273944,0.273944,0.273944,0.347168,0.347168,0.347168,0.347168,0.347168,0.273644,0.273644,0.273644,0.273644,0.273644,0.155028,0.155028,0.155028,0.155028,0.155028,0.156336,0.156336,0.156336,0.156336,0.156336,0.200508,0.200508,0.200508,0.200508,0.200508,0.208688,0.208688,0.208688,0.208688,0.208688,0.194804,0.194804,0.194804,0.194804,0.194804,0.187812,0.187812,0.187812,0.187812,0.187812,0.290356,0.290356,0.290356,0.290356,0.290356,0.16904,0.16904,0.16904,0.16904,0.16904,0.114956,0.114956,0.114956,0.114956,0.114956,0.090212,0.090212,0.090212,0.090212,0.090212,0.102308,0.102308,0.102308,0.102308,0.102308,0.08778,0.08778,0.08778,0.08778,0.08778,0.064376,0.064376,0.064376,0.064376,0.064376,0.064376,0.064376,0.064376,0.064376,0.064376,0.064376,0.064376,0.064376,0.064376,0.064376,0.064376,0.064376,0.064376,0.064376,0.064376,0.064376,0.064376,0.064376,0.064376,0.064376,0.064376
0.273944,0.273944,0.273944,0.273944,0.273944,0.347168,0.347168,0.347168,0.347168,0.347168,0.273644,0.273644,0.273644,0.273644,0.273644,0.155028,0.155028,0.155028,0.155028,0.155028,0.156336,0.156336,0.156336,0.156336,0.156336,0.200508,0.200508,0.200508,0.200508,0.200508,0.208688,0.208688,0.208688,0.208688,0.208688,0.194804,0.194804,0.194804,0.194804,0.194804,0.187812,0.187812,0.187812,0.187812,0.187812,0.290356,0.290356,0.290356,0.290356,0.290356,0.16904,0.16904,0.16904,0.16904,0.16904,0.114956,0.114956,0.114956,0.114956,0.114956,0.090212,0.090212,0.090212,0.090212,0.090212,0.102308,0.102308,0.102308,0.102308,0.102308,0.08778,0.08778,0.08778,0.08778,0.08778,0.064376,0.064376,0.064376,0.064376,0.064376,0.064376,0.064376,0.064376,0.064376,0.064376,0.064376,0.064376,0.064376,0.064376,0.064376,0.064376,0.064376,0.064376,0.064376,0.064376,0.064376,0.064376,0.064376,0.064376,0.064376,0.064376
0.273944,0.273944,0.273944,0.273944,0.273944,0.347168,0.347168,0.347168,0.347168,0.347168,0.273644,0.273644,0.273644,0.273644,0.273644,0.155028,0.155028,0.155028,0.155028,0.155028,0.156336,0.156336,0.156336,0.156336,0.156336,0.200508,0.200508,0.200508,0.200508,0.200508,0.208688,0.208688,0.208688,0.208688,0.208688,0.194804,0.194804,0.194804,0.194804,0.194804,0.187812,0.187812,0.187812,0.187812,0.187812,0.290356,0.290356,0.290356,0.290356,0.290356,0.16904,0.16904,0.16904,0.16904,0.16904,0.114956,0.114956,0.114956,0.114956,0.114956,0.090212,0.090212,0.090212,0.090212,0.090212,0.102308,0.102308,0.102308,0.102308,0.102308,0.08778,0.08778,0.08778,0.08778,0.08778,0.064376,0.064376,0.064376,0.064376,0.064376,0.064376,0.064376,0.064376,0.064376,0.064376,0.064376,0.064376,0.064376,0.064376,0.064376,0.064376,0.064376,0.064376,0.064376,0.064376,0.064376,0.064376,0.064376,0.064376,0.064376,0.064376
0.273944,0.273944,0.273944,0.273944,0.273944,0.347168,0.347168,0.347168,0.347168,0.347168,0.273644,0.273644,0.273644,0.273644,0.273644,0.155028,0.155028,0.155028,0.155028,0.155028,0.156336,0.156336,0.156336,0.156336,0.156336,0.200508,0.200508,0.200508,0.200508,0.200508,0.208688,0.208688,0.208688,0.208688,0.208688,0.194804,0.194804,0.194804,0.194804,0.194804,0.187812,0.187812,0.187812,0.187812,0.187812,0.290356,0.290356,0.290356,0.290356,0.290356,0.16904,0.16904,0.16904,0.16904,0.16904,0.114956,0.114956,0.114956,0.114956,0.114956,0.090212,0.090212,0.090212,0.090212,0.090212,0.102308,0.102308,0.102308,0.102308,0.102308,0.08778,0.08778,0.08778,0.08778,0.08778,0.064376,0.064376,0.064376,0.064376,0.064376,0.064376,0.064376,0.064376,0.064376,0.064376,0.064376,0.064376,0.064376,0.064376,0.064376,0.064376,0.064376,0.064376,0.064376,0.064376,0.064376,0.064376,0.064376,0.064376,0.064376,0.064376
0.273944,0.273944,0.273944,0.273944,0.273944,0.347168,0.347168,0.347168,0.347168,0.347168,0.273644,0.273644,0.273644,0.273644,0.273644,0.155028,0.155028,0.155028,0.155028,0.155028,0.156336,0.156336,0.156336,0.156336,0.156336,0.200508,0.200508,0.200508,0.200508,0.200508,0.208688,0.208688,0.208688,0.208688,0.208688,0.194804,0.194804,0.194804,0.194804,0.194804,0.187812,0.187812,0.187812,0.187812,0.187812,0.290356,0.290356,0.290356,0.290356,0.290356,0.16904,0.16904,0.16904,0.16904,0.16904,0.114956,0.114956,0.114956,0.114956,0.114956,0.090212,0.090212,0.090212,0.090212,0.090212,0.102308,0.102308,0.102308,0.102308,0.102308,0.08778,0.08778,0.08778,0.08778,0.08778,0.064376,0.064376,0.064376,0.064376,0.064376,0.064376,0.064376,0.064376,0.064376,0.064376,0.064376,0.064376,0.064376,0.064376,0.064376,0.064376,0.064376,0.064376,0.064376,0.064376,0.064376,0.064376,0.064376,0.064376,0.064376,0.064376
0.273944,0.273944,0.273944,0.273944,0.273944,0.347168,0.347168,0.347168,0.347168,0.347168,0.273644,0.273644,0.273644,0.273644,0.273644,0.155028,0.155028,0.155028,0.155028,0.155028,0.156336,0.156336,0.156336,0.156336,0.156336,0.200508,0.200508,0.200508,0.200508,0.200508,0.208688,0.208688,0.208688,0.208688,0.208688,0.194804,0.194804,0.194804,0.194804,0.194804,0.187812,0.187812,0.187812,0.187812,0.187812,0.290356,0.290356,0.290356,0.290356,0.290356,0.16904,0.16904,0.16904,0.16904,0.16904,0.114956,0.114956,0.114956,0.114956,0.114956,0.090212,0.090212,0.090212,0.090212,0.090212,0.102308,0.102308,0.102308,0.102308,0.102308,0.08778,0.08778,0.08778,0.08778,0.08778,0.064376,0.064376,0.064376,0.064376,0.064376,0.064376,0.064376,0.064376,0.064376,0.064376,0.064376,0.064376,0.064376,0.064376,0.064376,0.064376,0.064376,0.064376,0.064376,0.064376,0.064376,0.064376,0.064376,0.064376,0.064376,0.064376
0.273944,0.273944,0.273944,0.273944,0.273944,0.347168,0.347168,0.347168,0.347168,0.347168,0.273644,0.273644,0.273644,0.273644,0.273644,0.155028,0.155028,0.155028,0.155028,0.155028,0.156336,0.156336,0.156336,0.156336,0.156336,0.200508,0.200508,0.200508,0.200508,0.200508,0.208688,0.208688,0.208688,0.208688,0.208688,0.194804,0.194804,0.194804,0.194804,0.194804,0.187812,0.187812,0.187812,0.187812,0.187812,0.290356,0.290356,0.290356,0.290356,0.290356,0.16904,0.16904,0.16904,0.16904,0.16904,0.114956,0.114956,0.114956,0.114956,0.114956,0.090212,0.090212,0.090212,0.090212,0.090212,0.102308,0.102308,0.102308,0.102308,0.102308,0.08778,0.08778,0.08778,0.08778,0.08778,0.064376,0.064376,0.064376,0.064376,0.064376,0.064376,0.064376,0.064376,0.064376,0.064376,0.064376,0.064376,0.064376,0.064376,0.064376,0.064376,0.064376,0.064376,0.064376,0.064376,0.064376,0.064376,0.064376,0.064376,0.064376,0.064376
0.273944,0.273944,0.273944,0.273944,0.273944,0.347168,0.347168,0.347168,0.347168,0.347168,0.273644,0.273644,0.273644,0.273644,0.273644,0.155028,0.155028,0.155028,0.155028,0.155028,0.156336,0.156336,0.156336,0.156336,0.156336,0.200508,0.200508,0.200508,0.200508,0.200508,0.208688,0.208688,0.208688,0.208688,0.208688,0.194804,0.194804,0.194804,0.194804,0.194804,0.187812,0.187812,0.187812,0.187812,0.187812,0.290356,0.290356,0.290356,0.290356,0.290356,0.16904,0.16904,0.16904,0.16904,0.16904,0.114956,0.114956,0.114956,0.114956,0.114956,0.090212,0.090212,0.090212,0.090212,0.090212,0.102308,0.102308,0.102308,0.102308,0.102308,0.08778,0.08778,0.08778,0.08778,0.08778,0.064376,0.064376,0.064376,0.064376,0.064376,0.064376,0.064376,0.064376,0.064376,0.064376,0.064376,0.064376,0.064376,0.064376,0.064376,0.064376,0.064376,0.064376,0.064376,0.064376,0.064376,0.064376,0.064376,0.064376,0.064376,0.064376
0.273944,0.273944,0.273944,0.273944,0.273944,0.347168,0.347168,0.347168,0.347168,0.347168,0.273644,0.273644,0.273644,0.273644,0.273644,0.155028,0.155028,0.155028,0.155028,0.155028,0.156336,0.156336,0.156336,0.156336,0.156336,0.200508,0.200508,0.200508,0.200508,0.200508,0.208688,0.208688,0.208688,0.208688,0.208688,0.194804,0.194804,0.194804,0.194804,0.194804,0.187812,0.187812,0.187812,0.187812,0.187812,0.290356,0.290356,0.290356,0.290356,0.290356,0.16904,0.16904,0.16904,0.16904,0.16904,0.114956,0.114956,0.114956,0.114956,0.114956,0.090212,0.090212,0.090212,0.090212,0.090212,0.102308,0.102308,0.102308,0.102308,0.102308,0.08778,0.08778,0.08778,0.08778,0.08778,0.064376,0.064376,0.064376,0.064376,0.064376,0.064376,0.064376,0.064376,0.064376,0.064376,0.064376,0.064376,0.064376,0.064376,0.064376,0.064376,0.064376,0.064376,0.064376,0.064376,0.064376,0.064376,0.064376,0.064376,0.064376,0.064376
0.273944,0.273944,0.273944,0.273944,0.273944,0.347168,0.347168,0.347168,0.347168,0.347168,0.273644,0.273644,0.273644,0.273644,0.273644,0.155028,0.155028,0.155028,0.155028,0.155028,0.156336,0.156336,0.156336,0.156336,0.156336,0.200508,0.200508,0.200508,0.200508,0.200508,0.208688,0.208688,0.208688,0.208688,0.208688,0.194804,0.194804,0.194804,0.194804,0.194804,0.187812,0.187812,0.187812,0.187812,0.187812,0.290356,0.290356,0.290356,0.290356,0.290356,0.16904,0.16904,0.16904,0.16904,0.16904,0.114956,0.114956,0.114956,0.114956,0.114956,0.090212,0.090212,0.090212,0.090212,0.090212,0.102308,0.102308,0.102308,0.102308,0.102308,0.08778,0.08778,0.08778,0.08778,0.08778,0.064376,0.064376,0.064376,0.064376,0.064376,0.064376,0.064376,0.064376,0.064376,0.064376,0.064376,0.064376,0.064376,0.064376,0.064376,0.064376,0.064376,0.064376,0.064376,0.064376,0.064376,0.064376,0.064376,0.064376,0.064376,0.064376
0.273944,0.273944,0.273944,0.273944,0.273944,0.347168,0.347168,0.347168,0.347168,0.347168,0.273644,0.273644,0.273644,0.273644,0.273644,0.155028,0.155028,0.155028,0.155028,0.155028,0.156336,0.156336,0.156336,0.156336,0.156336,0.200508,0.200508,0.200508,0.200508,0.200508,0.208688,0.208688,0.208688,0.208688,0.208688,0.194804,0.194804,0.194804,0.194804,0.194804,0.187812,0.187812,0.187812,0.187812,0.187812,0.290356,0.290356,0.290356,0.290356,0.290356,0.16904,0.16904,0.16904,0.16904,0.16904,0.114956,0.114956,0.114956,0.114956,0.114956,0.090212,0.090212,0.090212,0.090212,0.090212,0.102308,0.102308,0.102308,0.102308,0.102308,0.08778,0.08778,0.08778,0.08778,0.08778,0.064376,0.064376,0.064376,0.064376,0.064376,0.064376,0.064376,0.064376,0.064376,0.064376,0.064376,0.064376,0.064376,0.064376,0.064376,0.064376,0.064376,0.064376,0.064376,0.064376,0.064376,0.064376,0.064376,0.064376,0.064376,0.064376
0.273944,0.273944,0.273944,0.273944,0.273944,0.347168,0.347168,0.347168,0.347168,0.347168,0.273644,0.273644,0.273644,0.273644,0.273644,0.155028,0.155028,0.155028,0.155028,0.155028,0.156336,0.156336,0.156336,0.156336,0.156336,0.200508,0.200508,0.200508,0.200508,0.200508,0.208688,0.208688,0.208688,0.208688,0.208688,0.194804,0.194804,0.194804,0.194804,0.194804,0.187812,0.187812,0.187812,0.187812,0.187812,0.290356,0.290356,0.290356,0.290356,0.290356,0.16904,0.16904,0.16904,0.16904,0.16904,0.114956,0.114956,0.114956,0.114956,0.114956,0.090212,0.090212,0.090212,0.090212,0.090212,0.102308,0.102308,0.102308,0.102308,0.102308,0.08778,0.08778,0.08778,0.08778,0.08778,0.064376,0.064376,0.064376,0.064376,0.064376,0.064376,0.064376,0.064376,0.064376,0.064376,0.064376,0.064376,0.064376,0.064376,0.064376,0.064376,0.064376,0.064376,0.064376,0.064376,0.064376,0.064376,0.064376,0.064376,0.064376,0.064376
0.273944,0.273944,0.273944,0.273944,0.273944,0.347168,0.347168,0.347168,0.347168,0.347168,0.273644,0.273644,0.273644,0.273644,0.273644,0.155028,0.155028,0.155028,0.155028,0.155028,0.156336,0.156336,0.156336,0.156336,0.156336,0.200508,0.200508,0.200508,0.200508,0.200508,0.208688,0.208688,0.208688,0.208688,0.208688,0.194804,0.194804,0.194804,0.194804,0.194804,0.187812,0.187812,0.187812,0.187812,0.187812,0.290356,0.290356,0.290356,0.290356,0.290356,0.16904,0.16904,0.16904,0.16904,0.16904,0.114956,0.114956,0.114956,0.114956,0.114956,0.090212,0.090212,0.090212,0.090212,0.090212,0.102308,0.102308,0.102308,0.102308,0.102308,0.08778,0.08778,0.08778,0.08778,0.08778,0.064376,0.064376,0.064376,0.064376,0.064376,0.064376,0.064376,0.064376,0.064376,0.064376,0.064376,0.064376,0.064376,0.064376,0.064376,0.064376,0.064376,0.064376,0.064376,0.064376,0.064376,0.064376,0.064376,0.064376,0.064376,0.064376
0.273944,0.273944,0.273944,0.273944,0.273944,0.347168,0.347168,0.347168,0.347168,0.347168,0.273644,0.273644,0.273644,0.273644,0.273644,0.155028,0.155028,0.155028,0.155028,0.155028,0.156336,0.156336,0.156336,0.156336,0.156336,0.200508,0.200508,0.200508,0.200508,0.200508,0.208688,0.208688,0.208688,0.208688,0.208688,0.194804,0.194804,0.194804,0.194804,0.194804,0.187812,0.187812,0.187812,0.187812,0.187812,0.290356,0.290356,0.290356,0.290356,0.290356,0.16904,0.16904,0.16904,0.16904,0.16904,0.114956,0.114956,0.114956,0.114956,0.114956,0.090212,0.090212,0.090212,0.090212,0.090212,0.102308,0.102308,0.102308,0.102308,0.102308,0.08778,0.08778,0.08778,0.08778,0.08778,0.064376,0.064376,0.064376,0.064376,0.064376,0.064376,0.064376,0.064376,0.064376,0.064376,0.064376,0.064376,0.064376,0.064376,0.064376,0.064376,0.064376,0.064376,0.064376,0.064376,0.064376,0.064376,0.064376,0.064376,0.064376,0.064376
0.273944,0.273944,0.273944,0.273944,0.273944,0.347168,0.347168,0.347168,0.347168,0.347168,0.273644,0.273644,0.273644,0.273644,0.273644,0.155028,0.155028,0.155028,0.155028,0.155028,0.156336,0.156336,0.156336,0.156336,0.156336,0.200508,0.200508,0.200508,0.200508,0.200508,0.208688,0.208688,0.208688,0.208688,0.208688,0.194804,0.194804,0.194804,0.194804,0.194804,0.187812,0.187812,0.187812,0.187812,0.187812,0.290356,0.290356,0.290356,0.290356,0.290356,0.16904,0.16904,0.16904,0.16904,0.16904,0.114956,0.114956,0.114956,0.114956,0.114956,0.090212,0.090212,0.090212,0.090212,0.090212,0.102308,0.102308,0.102308,0.102308,0.102308,0.08778,0.08778,0.08778,0.08778,0.08778,0.064376,0.064376,0.064376,0.064376,0.064376,0.064376,0.064376,0.064376,0.064376,0.064376,0.064376,0.064376,0.064376,0.064376,0.064376,0.064376,0.064376,0.064376,0.064376,0.064376,0.064376,0.064376,0.064376,0.064376,0.064376,0.064376
0.273944,0.273944,0.273944,0.273944,0.273944,0.347168,0.347168,0.347168,0.347168,0.347168,0.273644,0.273644,0.273644,0.273644,0.273644,0.155028,0.155028,0.155028,0.155028,0.155028,0.156336,0.156336,0.156336,0.156336,0.156336,0.200508,0.200508,0.200508,0.200508,0.200508,0.208688,0.208688,0.208688,0.208688,0.208688,0.194804,0.194804,0.194804,0.194804,0.194804,0.187812,0.187812,0.187812,0.187812,0.187812,0.290356,0.290356,0.290356,0.290356,0.290356,0.16904,0.16904,0.16904,0.16904,0.16904,0.114956,0.114956,0.114956,0.114956,0.114956,0.090212,0.090212,0.090212,0.090212,0.090212,0.102308,0.102308,0.102308,0.102308,0.102308,0.08778,0.08778,0.08778,0.08778,0.08778,0.064376,0.064376,0.064376,0.064376,0.064376,0.064376,0.064376,0.064376,0.064376,0.064376,0.064376,0.064376,0.064376,0.064376,0.064376,0.064376,0.064376,0.064376,0.064376,0.064376,0.064376,0.064376,0.064376,0.064376,0.064376,0.064376
0.273944,0.273944,0.273944,0.273944,0.273944,0.347168,0.347168,0.347168,0.347168,0.347168,0.273644,0.273644,0.273644,0.273644,0.273644,0.155028,0.155028,0.155028,0.155028,0.155028,0.156336,0.156336,0.156336,0.156336,0.156336,0.200508,0.200508,0.200508,0.200508,0.200508,0.208688,0.208688,0.208688,0.208688,0.208688,0.194804,0.194804,0.194804,0.194804,0.194804,0.187812,0.187812,0.187812,0.187812,0.187812,0.290356,0.290356,0.290356,0.290356,0.290356,0.16904,0.16904,0.16904,0.16904,0.16904,0.114956,0.114956,0.114956,0.114956,0.114956,0.090212,0.090212,0.090212,0.090212,0.090212,0.102308,0.102308,0.102308,0.102308,0.102308,0.08778,0.08778,0.08778,0.08778,0.08778,0.064376,0.064376,0.064376,0.064376,0.064376,0.064376,0.064376,0.064376,0.064376,0.064376,0.064376,0.064376,0.064376,0.064376,0.064376,0.064376,0.064376,0.064376,0.064376,0.064376,0.064376,0.064376,0.064376,0.064376,0.064376,0.064376
0.273944,0.273944,0.273944,0.273944,0.273944,0.347168,0.347168,0.347168,0.347168,0.347168,0.273644,0.273644,0.273644,0.273644,0.273644,0.155028,0.155028,0.155028,0.155028,0.155028,0.156336,0.156336,0.156336,0.156336,0.156336,0.200508,0.200508,0.200508,0.200508,0.200508,0.208688,0.208688,0.208688,0.208688,0.208688,0.194804,0.194804,0.194804,0.194804,0.194804,0.187812,0.187812,0.187812,0.187812,0.187812,0.290356,0.290356,0.290356,0.290356,0.290356,0.16904,0.16904,0.16904,0.16904,0.16904,0.114956,0.114956,0.114956,0.114956,0.114956,0.090212,0.090212,0.090212,0.090212,0.090212,0.102308,0.102308,0.102308,0.102308,0.102308,0.08778,0.08778,0.08778,0.08778,0.08778,0.064376,0.064376,0.064376,0.064376,0.064376,0.064376,0.064376,0.064376,0.064376,0.064376,0.064376,0.064376,0.064376,0.064376,0.064376,0.064376,0.064376,0.064376,0.064376,0.064376,0.064376,0.064376,0.064376,0.064376,0.064376,0.064376
0.273944,0.273944,0.273944,0.273944,0.273944,0.347168,0.347168,0.347168,0.347168,0.347168,0.273644,0.273644,0.273644,0.273644,0.273644,0.155028,0.155028,0.155028,0.155028,0.155028,0.156336,0.156336,0.156336,0.156336,0.156336,0.200508,0.200508,0.200508,0.200508,0.200508,0.208688,0.208688,0.208688,0.208688,0.208688,0.194804,0.194804,0.194804,0.194804,0.194804,0.187812,0.187812,0.187812,0.187812,0.187812,0.290356,0.290356,0.290356,0.290356,0.290356,0.16904,0.16904,0.16904,0.16904,0.16904,0.114956,0.114956,0.114956,0.114956,0.114956,0.090212,0.090212,0.090212,0.090212,0.090212,0.102308,0.102308,0.102308,0.102308,0.102308,0.08778,0.08778,0.08778,0.08778,0.08778,0.064376,0.064376,0.064376,0.064376,0.064376,0.064376,0.064376,0.064376,0.064376,0.064376,0.064376,0.064376,0.064376,0.064376,0.064376,0.064376,0.064376,0.064376,0.064376,0.064376,0.064376,0.064376,0.064376,0.064376,0.064376,0.064376
0.273944,0.273944,0.273944,0.273944,0.273944,0.347168,0.347168,0.347168,0.347168,0.347168,0.273644,0.273644,0.273644,0.273644,0.273644,0.155028,0.155028,0.155028,0.155028,0.155028,0.156336,0.156336,0.156336,0.156336,0.156336,0.200508,0.200508,0.200508,0.200508,0.200508,0.208688,0.208688,0.208688,0.208688,0.208688,0.194804,0.194804,0.194804,0.194804,0.194804,0.187812,0.187812,0.187812,0.187812,0.187812,0.290356,0.290356,0.290356,0.290356,0.290356,0.16904,0.16904,0.16904,0.16904,0.16904,0.114956,0.114956,0.114956,0.114956,0.114956,0.090212,0.090212,0.090212,0.090212,0.090212,0.102308,0.102308,0.102308,0.102308,0.102308,0.08778,0.08778,0.08778,0.08778,0.08778,0.064376,0.064376,0.064376,0.064376,0.064376,0.064376,0.064376,0.064376,0.064376,0.064376,0.064376,0.064376,0.064376,0.064376,0.064376,0.064376,0.064376,0.064376,0.064376,0.064376,0.064376,0.064376,0.064376,0.064376,0.064376,0.064376
0.273944,0.273944,0.273944,0.273944,0.273944,0.347168,0.347168,0.347168,0.347168,0.347168,0.273644,0.273644,0.273644,0.273644,0.273644,0.155028,0.155028,0.155028,0.155028,0.155028,0.156336,0.156336,0.156336,0.156336,0.156336,0.200508,0.200508,0.200508,0.200508,0.200508,0.208688,0.208688,0.208688,0.208688,0.208688,0.194804,0.194804,0.194804,0.194804,0.194804,0.187812,0.187812,0.187812,0.187812,0.187812,0.290356,0.290356,0.290356,0.290356,0.290356,0.16904,0.16904,0.16904,0.16904,0.16904,0.114956,0.114956,0.114956,0.114956,0.114956,0.090212,0.090212,0.090212,0.090212,0.090212,0.102308,0.102308,0.102308,0.102308,0.102308,0.08778,0.08778,0.08778,0.08778,0.08778,0.064376,0.064376,0.064376,0.064376,0.064376,0.064376,0.064376,0.064376,0.064376,0.064376,0.064376,0.064376,0.064376,0.064376,0.064376,0.064376,0.064376,0.064376,0.064376,0.064376,0.064376,0.064376,0.064376,0.064376,0.064376,0.064376
0.273944,0.273944,0.273944,0.273944,0.273944,0.347168,0.347168,0.347168,0.347168,0.347168,0.273644,0.273644,0.273644,0.273644,0.273644,0.155028,0.155028,0.155028,0.155028,0.155028,0.156336,0.156336,0.156336,0.156336,0.156336,0.200508,0.200508,0.200508,0.200508,0.200508,0.208688,0.208688,0.208688,0.208688,0.208688,0.194804,0.194804,0.194804,0.194804,0.194804,0.187812,0.187812,0.187812,0.187812,0.187812,0.290356,0.290356,0.290356,0.290356,0.290356,0.16904,0.16904,0.16904,0.16904,0.16904,0.114956,0.114956,0.114956,0.114956,0.114956,0.090212,0.090212,0.090212,0.090212,0.090212,0.102308,0.102308,0.102308,0.102308,0.102308,0.08778,0.08778,0.08778,0.08778,0.08778,0.064376,0.064376,0.064376,0.064376,0.064376,0.064376,0.064376,0.064376,0.064376,0.064376,0.064376,0.064376,0.064376,0.064376,0.064376,0.064376,0.064376,0.064376,0.064376,0.064376,0.064376,0.064376,0.064376,0.064376,0.064376,0.064376
0.273944,0.273944,0.273944,0.273944,0.273944,0.347168,0.347168,0.347168,0.347168,0.347168,0.273644,0.273644,0.273644,0.273644,0.273644,0.155028,0.155028,0.155028,0.155028,0.155028,0.156336,0.156336,0.156336,0.156336,0.156336,0.200508,0.200508,0.200508,0.200508,0.200508,0.208688,0.208688,0.208688,0.208688,0.208688,0.194804,0.194804,0.194804,0.194804,0.194804,0.187812,0.187812,0.187812,0.187812,0.187812,0.290356,0.290356,0.290356,0.290356,0.290356,0.16904,0.16904,0.16904,0.16904,0.16904,0.114956,0.114956,0.114956,0.114956,0.114956,0.090212,0.090212,0.090212,0.090212,0.090212,0.102308,0.102308,0.102308,0.102308,0.102308,0.08778,0.08778,0.08778,0.08778,0.08778,0.064376,0.064376,0.064376,0.064376,0.064376,0.064376,0.064376,0.064376,0.064376,0.064376,0.064376,0.064376,0.064376,0.064376,0.064376,0.064376,0.064376,0.064376,0.064376,0.064376,0.064376,0.064376,0.064376,0.064376,0.064376,0.064376
0.273944,0.273944,0.273944,0.273944,0.273944,0.347168,0.347168,0.347168,0.347168,0.347168,0.273644,0.273644,0.273644,0.273644,0.273644,0.155028,0.155028,0.155028,0.155028,0.155028,0.156336,0.156336,0.156336,0.156336,0.156336,0.200508,0.200508,0.200508,0.200508,0.200508,0.208688,0.208688,0.208688,0.208688,0.208688,0.194804,0.194804,0.194804,0.194804,0.194804,0.187812,0.187812,0.187812,0.187812,0.187812,0.290356,0.290356,0.290356,0.290356,0.290356,0.16904,0.16904,0.16904,0.16904,0.16904,0.114956,0.114956,0.114956,0.114956,0.114956,0.090212,0.090212,0.090212,0.090212,0.090212,0.102308,0.102308,0.102308,0.102308,0.102308,0.08778,0.08778,0.08778,0.08778,0.08778,0.064376,0.064376,0.064376,0.064376,0.064376,0.064376,0.064376,0.064376,0.064376,0.064376,0.064376,0.064376,0.064376,0.064376,0.064376,0.064376,0.064376,0.064376,0.064376,0.064376,0.064376,0.064376,0.064376,0.064376,0.064376,0.064376
